feature_1,feature_2,feature_3,feature_4,feature_5,feature_6,feature_7,feature_8,feature_9,feature_10,target
-0.2763196351264478,-3.963593747437362,4.667778584678368,-2.8878570777618466,-2.2569631176632017,-1.1221532378809973,0.24355605941064185,2.381187276562588,-0.8160378953942717,-0.5020630525259371,2
-0.1165103783469821,-2.307849535366611,-1.6205351168793183,-0.42580517431454473,-1.204579708892894,-0.930664217960387,2.115349944372379,-3.9492009766005443,1.6648018292404523,-4.197970728413859,1
-2.2562499347482268,3.980471265476988,-1.7686513319982473,1.8312653311032934,-1.658595309661183,-0.5790453361681495,4.313295210239211,4.630174304577078,-1.1784403468600457,0.5135423748449268,2
-0.08725601318294572,-2.075654302336296,2.1390182919824796,-1.2720683834763196,-1.3851062065881365,1.1645834712019478,1.9626266578653049,0.7768758895422101,0.8534214514921151,-2.0676663458251454,2
1.507633558913684,-4.801444830205985,0.6684931423775402,3.838185525498416,0.5933921924212222,-0.08560808947124605,1.841192207666463,0.9847555616237327,-0.6921522120768903,0.8746567757223664,1
-0.7703829387161236,-1.9007099579279503,1.94069082964953,-1.9740848779629752,-1.0110823191108558,2.2042289692956403,1.492539607630642,-0.8350406230655164,-1.230138243758088,-3.1043280626652585,2
0.27899179474847396,-2.3883343634318526,-1.513068706723513,-0.579702617802797,-2.6142344624633633,-0.3309781736136056,1.2626270809173799,-1.5510602894269088,0.8618168032188236,-1.641380580886961,1
-1.271420777125136,0.2409035430503148,0.8797416590276141,-1.4488228386799218,-0.973596824513236,-0.32055958252618555,2.6298017386540447,-0.20742162521598753,-0.09839298275123809,-3.3534656213119023,2
-0.7206260575907678,-2.2795376601186543,1.6255259602767727,-2.3561650647960795,-2.4008033107946702,0.4739340992113509,1.7233860058663415,-0.1117574730235273,1.5187183527167938,-2.7034800529102094,2
-0.06110191375136612,-2.824433494952725,1.257655172226348,-0.5444786435793871,-1.6247043552843317,-1.5807508173094416,2.4931065010779068,0.12081193545155383,-0.5520580017774016,-2.3742047620462037,2
-0.775034189423724,-2.144672758896476,2.476612045917311,4.498444370845421,1.6813400052784249,0.677359521686422,2.2901870409753586,5.058322553155029,-0.010937837016195572,2.8525575243064285,1
0.9373272918208769,-4.158494952383011,-0.35490015992921276,-1.700813854996807,-1.3629330595678533,0.4730509282332128,-0.8480437687698381,-4.270020460306379,-0.978322207591943,-2.457778382415821,1
0.6550406137817893,-2.252836121600193,2.3450224356177847,3.145959282569479,0.44399979030251346,-0.5908170987358049,1.7368877591890082,4.869987576246852,0.6356615967509606,2.7986517354654814,1
-1.6376049174566718,1.30910372552834,2.8204806804961153,-6.883037753394227,-2.306244330886924,0.8209668843684006,-1.946131911690641,-0.8669502951513348,0.1196002626671043,-2.5256446138096975,0
-0.7048221709979829,-0.9047721373393989,2.0350570163788744,-2.8307450790763196,-1.8888504533043458,-0.3670704059816724,1.531300397688466,0.2308483113642446,2.484969953586654,-2.770860165720152,2
1.366154628273648,1.3529305849195417,-0.8132776176017591,-4.353646778541497,-3.3001749259262616,-0.8021545915096441,0.897516602421065,-1.7995264705906713,-0.5191573227936902,-3.585010810586074,2
0.702881798595122,1.2709171493659535,-1.1241090098674387,-2.735031519528506,-5.484453079034037,1.7320492913680818,3.67091741563116,2.5031479396401486,1.0357246425830327,-1.998792287834387,2
1.5080475914191533,-2.2237075569729963,0.15050437383260973,-1.3066138382167043,-2.842917065731282,1.1162463905181252,2.7943267553541102,-0.32921350267708394,-0.24936410162594572,-2.930705667839508,2
1.4182403547575644,4.577620820671852,-1.1810679173772636,-1.5298095552448174,-0.7459414078732076,-0.8417119460380091,1.3267545311402282,0.6051411124210485,-1.5888184753202212,-1.4353120713793586,2
-0.2247456205149846,-2.324993681064204,2.421253703359249,3.8755217924140397,3.834467887976368,-0.8404709356859309,0.053563625789820435,1.3526865464673166,-1.1326690518768963,1.7692861400116449,1
-0.20648098517684707,2.591187985383643,2.336232875937235,-0.01705661058328726,1.4998527379724766,0.15915894533210567,2.408611409459973,2.344796292578638,0.5604813988049354,-1.5358604332874213,0
0.5963970691176537,2.906178632823553,0.9901756881496384,-3.1981263447608845,0.327510529765056,2.10367310306172,-1.3062730839960968,-0.9056811414895349,-0.4879933162072253,-1.4152795980576478,0
0.7499499706512455,-3.5870664387726947,1.6413534012118787,-1.7804844086608198,-3.5427047534034632,-0.8406074274696438,2.0981467818309207,1.296971026391185,-0.14525129425498856,-1.5577995228035053,2
-0.5930721344322301,-1.3079036804571755,-2.4240363193538643,-0.4714443284240306,-2.900138175741563,0.3778292212221578,3.192346333957893,-2.0666081497077524,0.31470630755446866,-3.5393593288379623,1
0.4990855654659427,-1.7220974881178959,3.404982838291907,5.917422444966039,2.819977034389788,1.723465340067103,3.945631691181563,6.509925730473162,-0.13480087150720985,2.6012763208912553,1
1.229774224521937,0.8847995518292047,2.2260774705018487,-7.043228612741938,-2.028703537900056,-1.1343963827064898,-2.062246521645314,-2.7379866464508114,2.220683796583114,-3.664472679318539,0
2.2947685915477845,-2.0810654733770764,-2.4733541230033707,0.07884251077272364,-2.6998873378563695,-0.8601926954224983,2.5343961702716324,-2.0343363479186887,0.3788105294965933,-2.6143692595940786,1
-1.8847863590162737,-1.8849161109733643,4.513852548673393,-0.33400592712399063,0.17436643274032604,-0.8361069958796004,-1.808444061232196,4.839679865217236,0.229314128434647,3.885282847845285,1
-0.06266452353256337,-0.689911010189443,0.8687469220129198,5.985660412444889,3.8614323184878625,1.712667712838569,2.9648413518979018,2.567888288789523,-1.8506316416948525,1.197823391563204,1
0.17721878507168543,-1.473448834863893,1.4988538872400978,2.1134312529521146,1.0614045263111167,0.5063669775262545,0.5593497200660056,2.231000828438843,-0.9120541021539065,1.6270857715281273,1
0.4683155849391383,1.8161703645182383,2.528355865973181,-0.07664623571235593,2.193686171969695,0.4015606083877186,1.806431468493753,0.9993160079709669,0.5199990757978105,-2.0374147558781943,0
-0.7150218680302427,-0.6440514796021859,1.3703920912738592,3.75563837660927,1.9840711658603791,-1.151868384586774,1.4203850629872117,3.487954083001769,-1.0285765255061254,2.33849806689377,1
1.3907324875915426,1.5722709012975664,-3.693165662530858,3.2394472321888603,-0.13239013729365,0.1848678838526347,2.8317415197260263,0.04865139362348862,0.12391742634264473,-0.23031118997840827,2
-0.4871580226457061,0.0449462356265653,4.161965515819399,0.7973720848150807,1.8083006237652566,1.2212356600669605,3.2683230039925775,3.201220386232048,1.429117018551031,-1.666472209605773,0
-1.6490334353493064,-3.6873308546270014,2.670343089366221,2.135047013044958,0.4411365311816766,0.4848786815321318,0.6435666294480784,2.977581070937373,0.009880609829763149,2.0236922323557995,1
2.3502058000057215,-4.560321920813941,2.14678521853389,4.661548649139004,2.7135936572074817,-0.47326504683304876,1.2549652286766428,1.4958906904314768,-2.664332321074447,1.4978584745714842,1
-0.46843384828036677,-0.4080416995041254,3.591054234168099,1.4285537725846738,-0.18663070619007183,-1.2513782464273926,1.094846355413936,6.916066447124364,-1.154694742632866,3.6669707905064213,1
-0.9788142460811394,2.621398775214285,-2.9078327711606913,1.8225644345695644,-2.46542276856751,0.21802509213256502,4.313044924134314,3.040836757807504,-0.08804446917604382,-0.12315193664428903,2
-0.48767397427899917,-3.019658694182194,2.453195083357956,-1.8727241630985,-3.073984608980794,-0.5973647655374826,1.8310043951159631,2.1998902259210147,0.45978058405031313,-1.023697029263318,2
2.1484828491487757,-4.744042245075031,2.4975319970509324,-1.272356855803465,-3.975168554548241,-0.7286524143201769,2.042143646203392,3.0086828610728245,1.6209759662493883,-0.14624806953608238,2
0.2767229725883162,2.03585475534786,-2.183108178426146,-0.8317185373945374,-2.915095919905132,-0.3775546564089599,2.7138124421356915,0.8639718193679093,-1.2975096399822306,-1.4994675511123523,2
-0.5895673839924012,0.6016724350444511,-1.997650024477787,0.2848436348254242,-2.9230658375993785,0.13164456691928453,3.472775211394244,1.301993180375663,-0.23433491104206355,-1.3161734226733988,2
-1.416433628196194,-1.926415184746829,1.2910007340402299,5.728227503220602,3.253985655889401,-0.23391503064445315,2.8752821019502055,2.6995936979739543,0.6531931105803095,1.3107868209801565,1
-0.5951034386477235,3.856012542824418,-1.450200781344324,-6.9180265004223855,-3.655564226418369,-1.3889081710291074,0.3715481758936281,-3.687515964270355,-0.2828867205196255,-5.589953717363835,2
0.16057734961564119,-2.536404485443017,2.969300377954356,3.6975034021017374,2.3751387966090927,-0.31242179149504906,1.224731807662855,3.534268230166241,0.053307420598760376,2.2047723279985156,1
0.11038963910769706,3.073490628041978,-0.40222541105850995,-5.66211227447045,-2.410267130024174,-0.3234378675446039,-2.8893695188198443,-1.6246714687236798,0.5074209278332887,-0.9226589505956393,0
0.1310207620786982,-0.01967677843273119,2.8032301156125112,-7.438474113964591,-2.624733630116349,0.3191602900919905,-2.509763821622375,-2.180205376401759,-0.3337788708388873,-3.0503525553558726,0
0.7087186735179315,1.4348021749752504,-2.3263036684983245,-2.8842625166893283,-2.3189841829433178,-1.9700004554188741,0.8712420327070722,-3.2216329452769554,-0.7601894489620864,-3.6274077802070286,2
0.41739513073391704,-3.020542078902988,3.670833588110346,-0.43567761518538434,-0.6104801668808539,0.16703700072635513,1.6555936607574049,2.3570934439689117,0.5586509150138106,-0.7032001181339615,2
-0.36391939348963653,1.2878057830992327,3.551393993595145,-7.397059373066834,-2.850900169818483,0.6494973648592396,-2.403067072671124,0.42768365012761317,-0.2766358691614466,-1.5471931491892088,0
-0.38024155593020326,1.8925517088838009,1.2612522023008537,-1.1481433514958714,2.095278765837816,0.8811833430420066,0.4647464552497953,-1.7365995541991093,-1.9180996005037925,-2.898077749035031,0
0.5205530577324272,-1.4752447011377248,2.002270762212029,-1.3554063263354301,-1.6103609875742009,-1.167534215312696,2.1553621258869535,1.2546005027190712,0.6301487764278614,-1.9269881394693003,2
-0.5124052146241178,-1.8532697622471834,-0.7661259241606482,0.23247103189994608,0.20870217442823336,-0.8680639066752307,1.228983910502653,-3.1834609589776965,-0.8979876415443887,-2.9645342668890895,1
-1.3854282681144907,-0.4243793424085689,-1.9291943849134205,0.998418426410655,-1.2998213810759651,0.18729554982321833,3.210201992153931,-0.8566285366536579,0.7932854051651251,-2.4118860492313132,1
1.5910193057751172,1.8386340401405763,-0.10747025467942439,1.7880084792568542,0.48235947147948477,0.8899875622171,3.4291766409754256,2.087806328546266,-0.20576859802966765,-1.0199724810626867,0
-0.6872265309140099,2.719773399011621,-0.8369782347707613,-4.213043219823738,-0.37830207216098755,-1.4609249386516574,-1.1408394247649305,-4.229148141442074,-1.7794294488516276,-3.81298623646929,0
-0.14655853569167893,-1.4318932464441807,-1.8832057623314724,1.9925569359909552,-1.0011103577710352,-1.0359109850124564,1.9134608715209556,-0.12075374074215595,0.7526823152860572,-0.21830091487444703,1
-0.038140085441648916,2.7964426596153356,3.27598635620223,-6.415625549374038,-2.521750727798569,-2.5108350014014515,-0.4870829272884907,1.5806406759952025,0.049802790902832496,-2.121919258154483,0
-1.9854610204177623,-2.186857719907273,2.0021009300257386,6.86086683455632,2.8406201361967307,-0.5487491334148188,4.330300655720814,5.319556913952173,-0.610022977498356,2.2318630689875474,1
0.2884111487160616,-2.2933553531825677,-1.9536506276013137,-0.7705196629968397,-2.3939555816649283,-1.6255993666594517,2.1667040214965443,-3.0969356127618846,-0.5626920244402328,-3.572430741293665,1
-0.7250967209741775,0.7927407864745311,3.2928356619566514,-6.221978055575539,-1.1254742243638398,1.8627464923572625,-2.3567014140807205,-1.3197965974677144,0.20001485117174814,-2.391626618292214,0
1.1817613956614945,-2.4682344756785595,-2.8917443335612716,0.738447910284225,-2.811846398341605,-0.44309487395607067,2.396567255483725,-1.7461371110343658,-0.2781192303112381,-1.831809511962326,1
-0.31676510593564716,1.0253270589890482,-1.3946647620372028,-1.0581981332988444,-3.1229429837906975,0.5334850768245277,2.759784419314199,1.0923209830152756,-0.022577941094418186,-1.5876230265997522,2
-0.249809899684246,-0.49623993634650265,4.525924973646417,-4.880750871572492,-0.42758022737501844,1.3196356622437186,-0.6684311126575819,-0.3579637576604263,0.3187966911589339,-2.954238493164673,2
0.1524347668741858,-0.06139077039470253,-1.5845681078449356,-3.154978274190927,-0.4008483834712355,0.11127676805327562,-1.05353816776968,-6.131086896891605,1.182234028938315,-4.352723855750774,2
1.0714113018874913,0.5984265844159105,3.162077484521867,1.005872642894576,3.381165546730074,0.6297498783986742,2.176690970555668,0.49805824941863364,2.020049106929647,-2.4523504078402167,0
-0.02465728073149379,1.6425314513982343,4.149999288157559,-1.2561604750533593,1.6820925615367144,-0.8466462488663622,1.6977891114732175,2.255340210910915,-1.885766918754242,-1.9334646884564437,0
-0.5186079790302947,-2.7393380475732454,2.5558581812528605,2.6975350738576602,1.7309752464392723,1.1535634286598602,0.6955292129227537,2.448642601156277,-1.0780621499637142,1.6639542069023305,1
-1.7869457313398482,-3.8212630177373015,1.8505148317919047,4.920932028445009,1.655987374270672,-1.0692868554188253,2.7206775102843728,3.200156332491415,1.157346311723567,1.624812390333917,1
1.6411595390915734,1.0991650201973076,2.722917099894918,0.838213476603006,2.589974899668703,0.5418420893363174,2.5105882473910697,1.1551094496779402,1.1294735893439463,-2.1997291602347855,0
-0.04236841054167293,-2.9322293353113085,-0.13515024348930105,0.3685483675858969,-2.996854913372597,0.1540480777017721,3.7913961911918843,1.0459017136662367,0.06659257175166802,-1.961982836993066,2
0.3593025800857549,0.16419110045197538,3.321133119809849,-3.8988278406945778,-0.9825647506757658,-0.32894408535730224,0.6063180605113179,0.3411427754240431,-1.2081788236455882,-2.852149769013597,2
-0.8177154757301307,0.6089020650255883,-2.598982856831572,2.471227553173954,-2.3867464867645793,1.0146453864394118,4.210046759295045,2.6378836438849715,-1.632602745687323,0.04316659050578986,2
-0.4873894162901053,-1.1560200198849429,-2.060415674396967,0.5673920770159465,-2.1721053807864314,1.4049423292181198,2.549909870315732,-0.716430155564536,0.5336479953688871,-1.7109542354903025,1
-0.2029174630104449,-0.24347906192266544,-3.588654655697476,0.7073599331560688,-3.6627042633580444,0.08507903197998995,4.731858079723537,-0.4323381152204993,0.22035182927354544,-2.944078139736277,1
-0.4924903908336654,-4.248116213942487,-0.18512057121535364,-2.681293713183286,-2.308294695860008,-0.9205828940058789,-1.0700099111636603,-4.023915085789793,-0.38479553417306533,-2.45250851453723,1
0.5054042734309971,2.7091576471435213,3.566688762896697,-1.0373665071462572,1.3124074539460802,-1.2046932828281127,2.0304781154870235,3.123896282631796,0.19584524701068554,-1.4084087556587686,0
1.6263804056686328,-2.624960621649926,1.4070722021320583,6.048189032623642,2.241272993970332,0.3509425048957069,3.885611380028288,3.9466572174596086,-0.5026196138317597,1.5548477689333402,1
-2.21004278929018,0.7782847193393945,2.57718487402434,-8.37344830087718,-3.9560893499647873,-1.069960156592582,-2.719743315166353,-1.0633407605618692,1.1040706092820498,-2.3364553519321265,0
-0.5411253725348428,-2.3024070717872744,-1.9736253439318117,0.2621951848516657,-2.607133176163134,0.3980280299618697,1.514963353282635,-0.9715336438363877,1.0668700883760402,-0.9660094208081322,1
0.05178385119895345,2.8130780748840625,2.0950488108550336,-4.436810917549881,-0.6453573669456338,1.7467389375083464,-1.3267385103816067,0.26949224242918474,0.5767938239138171,-1.2938350761824708,0
-1.0563279993057415,-0.9239249175768169,-4.0184732530381275,2.7094908309370074,-2.4870075274882346,-0.3119870086480041,4.1940107694028645,-0.23921270943654518,-1.0585037209958124,-1.376531181424928,1
-0.5739300079673577,-3.1811146671901422,-0.44115702608499663,-2.012197607140627,-2.352821337143113,-0.45379248516408377,-0.3535419123385908,-2.652206098076347,1.0932371075822098,-1.8413074041115025,1
-1.0642215103355075,-2.3895700418034016,-0.43977496718364195,0.27015884664543843,-2.469650401185506,1.0160935216469669,3.716994532338071,0.1265838665888506,0.9952112224773986,-2.613853134205166,2
1.0548590692108868,-3.060386452588533,0.43708826888732677,-1.4778627845678223,-2.743830889881812,-0.49314485575414874,2.3742048321546623,-0.8969186430275471,-0.18688583038065085,-3.0488205287592445,2
-1.0883194870290538,1.8603170908657507,2.9916638305515977,0.21305291791262773,3.1711695154564623,1.0383776547651489,1.7084245473440096,0.6550304801444794,-1.2793704958528451,-2.298452394202306,0
2.1205681204305016,1.8773430762775236,3.989282198077987,-5.389650100500929,-0.5512317943797511,0.8525958032951028,-0.48416181801473823,0.28117575669305156,0.5794189828989692,-2.9266485459321436,0
0.07575934319837979,-0.1397853854828739,3.4912389551819505,-8.22276463602894,-2.4956233496103906,0.10940759902005842,-2.5841232396878064,-2.6539195770468007,1.3414319753737025,-3.860470050967038,0
0.7917964128034704,3.079754597763463,0.9436292645739677,-5.344957448565477,-1.709124305704802,0.7591785027052609,-2.0464723237274582,-0.606313504473801,0.785812009296809,-1.2631184598526233,0
-1.109952837036249,-1.3521097442200278,-3.617364836672502,2.2019854202703817,-2.546517644711095,0.8010809637881857,3.6913083601452295,-0.5148556807812049,1.1470613778404304,-1.4069102466114067,1
-0.9086502957414381,2.284445906952588,0.21386496524644838,-0.2990833968326145,0.45879266205076696,0.2908528001767071,1.792852567849589,0.433989396085586,-0.7150481829666253,-1.755833158069783,0
0.5317448831256588,0.6695792036737311,-1.5058451242079376,-3.9346577017094493,-1.6371142542844752,2.633537940031605,-0.2041203208154796,-4.952680568964924,0.18676205484824018,-4.582274826661697,2
0.07950473236769778,-1.7661915856575052,2.6786854560105886,-2.052257880148889,-1.6356253898469069,-0.505016850367336,1.5061286543789123,1.213690953514255,0.06535059609776332,-1.828750348078467,2
0.2963644392546358,-0.710402303807016,-2.6556212399740327,0.26208294767112345,-2.6051781353850805,-0.01016572074277691,3.4145467220150323,-1.3132096159716344,0.2482739329114458,-2.894424804674862,1
-0.30149736352087375,2.7257421961555113,1.3813946981495486,-2.151621778374288,1.926483295116877,-1.5531320533688295,-0.15416922963464863,-1.8587984996338582,0.24917867171389732,-2.947982374028914,0
-0.7296646238211267,-1.3042317263990584,-2.6548058886401824,1.0920924058117476,-2.1714695824465133,0.9965246338965807,2.9423326165105497,-1.0639035846911409,-1.0225853502720914,-1.9126265852516213,1
-0.35071044462349615,0.5541249913995647,4.888355246484647,-8.349504950547466,-2.75122028613798,1.8065162106620096,-2.3381496973659064,0.09829093402917959,1.0499941674505682,-2.5786800066551416,0
-0.030402766530498528,-1.0188405646059924,3.8598132227629414,-4.236341269310376,-1.408666980466652,0.87362850207453,0.07866955711341483,0.451610774699583,0.9268668857519582,-2.444291882561102,2
-0.06466752999039241,-2.5444992892446114,2.477065946154599,2.4326841158489017,0.9724284293318015,1.2338172320892937,0.621309921345353,3.3216234761528964,-0.5555693479479282,2.325363544267498,1
-2.057966753396755,-2.0026851627346436,4.711072323564004,-3.4970826232590677,-1.8190632671438183,2.501645035135113,0.24487230518948366,2.5389343288879203,0.3562167098144623,-0.8794597616984581,2
0.13227279049742133,3.0143315525027656,0.17957446131005095,-4.296872749354701,-1.346834021024053,-1.5443773533483862,-1.210116746374238,-1.0710268207634095,-0.5925095652129303,-1.7215348380277034,0
0.06749368124727499,2.4416677473767177,0.022752811140897444,0.20892490577618045,2.7277072774550852,-0.19084131864335074,0.9246813469373376,-2.1626228747537497,0.44508647135340157,-2.7973698609793374,0
0.5233950169020153,-2.6347636552903033,3.77219720623303,2.1604300590846743,0.8296321773687054,-1.1378071596536348,0.6074972219643802,4.9420914751901135,-0.3255873571531219,3.0493051917517304,1
0.47369313673222746,1.4435687118242095,1.6897169592227277,2.571151056966221,2.4475602427212264,0.9525983946489063,3.6807403063067055,2.3649106584843556,0.5230790040023944,-1.366825102846097,0
-0.7812967068230585,-3.2102770618630045,-2.1819522196440615,-0.2505335998579249,-2.061726305650802,-0.3371881377911729,1.8823908843865407,-3.8491922281906104,-1.0249923138187629,-3.5184769473335367,1
1.0728867429928937,3.4675343119732336,-1.4799091252920729,-2.9199744296594212,0.0782394954899388,0.7099291292005268,-0.4463878939522168,-3.527052043908781,0.32543685943381034,-3.3062097544548723,2
1.3369204375647132,2.0316668170748584,1.880234493886316,-5.218186090268198,-1.584294140654021,-1.5630894981604142,-1.4821872782782075,-0.38051978502985345,1.1825657270608714,-1.7427474048852327,0
-0.8912185001067509,2.1467964889805273,1.8773175184650244,-7.807058569571842,-3.9292890154846356,-0.36010595263818695,-2.792557968365524,-0.03686897026724482,-0.06184008396068339,-1.2079348796211178,0
0.024857503751269192,4.515686102817856,-3.1068810609056534,-3.052271179578547,0.10979068927857716,-0.7578561960058762,-0.9208970340475244,-5.0464253339504745,-0.30045486881775135,-3.667271291143188,2
-1.4622247396898422,1.1520328183757127,5.309668023207918,-0.695456059462654,1.963640148834066,0.6950206950882235,2.412687349146581,3.6495347032830647,-1.1722604528915,-1.6438059146416346,0
-2.7222777409231447,-1.11691354720412,-2.2895605987754,0.8177196374293919,-2.302839906593223,-1.253295627303265,2.4703510268330513,-0.39766466615260343,0.9425452284534718,-1.2258243953897772,1
0.11821199140193689,0.40314526515223204,2.719872776590282,-2.505852242320994,-0.6455396163440681,0.02879081373848167,1.525883639655568,0.9124533066995036,-0.6741905603382268,-2.557661696881749,2
-2.185296847334906,-0.005318728306917597,4.122802415438711,2.6707278436985162,0.8947662168775528,-0.6302864440651417,1.7683810263064264,7.974285677108842,1.1438367264203908,4.068958819003049,1
0.02194380821533224,2.3025042284928654,-2.6406098731288212,1.166738176387226,-2.655128021864054,-1.2506960629882262,3.6667186273569783,2.7000412753546943,-2.064957387584735,-0.0935367380668557,2
0.0005000650336295328,1.1882757994287765,-1.0124235420712897,-3.4368271365888297,-4.488665980179675,-0.7730834555704812,2.4142084753377038,0.4451923980479098,0.19630441692435538,-2.764001549283797,2
1.623263185486201,1.5280586345690497,-1.8517628508171229,-0.6641940697540171,-2.002093340331681,1.6884421557461313,2.0479173499052448,-0.019122764365095465,0.9173151613587754,-1.5934130772689998,2
-0.4628156863395111,4.309691382802283,-1.5099057554785622,-1.2967636409768621,1.1941474893669877,-1.7022132660800113,0.08660681750436039,-2.3212606741058055,-0.6126946458776085,-2.3879538238921003,0
-0.7604181998113736,-0.3113391630401088,0.8764987552822276,-2.80004276711234,-1.7654267871426745,-1.595636760889683,1.8964645304866479,-1.2254958050585127,-0.12673603578590625,-3.882147614883219,2
-1.8348080296345557,0.220219089255705,2.7239290685158113,-7.233070404796837,-3.0085447080834835,0.5225619208753273,-2.1483368751341967,-1.3096357981921076,-1.555970026317907,-2.62360648871775,0
0.5582916747557968,2.639895311381402,1.2371000044927511,-0.48180444347236145,2.4333238667242574,1.171120631033927,0.9431735814174793,-0.8200082505199084,-0.16037100058244824,-2.4735815634644456,0
-0.9281426382790505,-3.2723576867091246,-0.599405389257458,-2.0012109226388186,-1.9183064240209167,-0.22094226150476054,0.13946623252446733,-3.8196414469621804,0.07272462740328739,-3.119494340705915,1
0.76527643836476,2.0757789195956424,4.716964186027836,-1.784393949954497,2.4998531723906434,0.15111043728480744,1.0286990914679137,1.6271136908217143,-1.739065631104434,-2.281771729100377,0
1.2691726564583794,1.0413405989160665,1.5660441983849644,-7.2315053842782415,-3.3569154044318648,-0.5593299381372452,-2.717070807930655,-1.506811109078708,0.21294997367162288,-1.9601516814893822,0
0.3313416467793406,0.7034279819586635,5.377879757543253,-0.7930683534219661,1.9433782309037337,1.1468791992518994,2.3068098129439045,3.2810727106520954,0.5334008512375619,-1.833898644135504,0
0.08432382724223389,-1.6678944690650135,-2.9967663216066707,0.10150769936301898,-3.079551669851205,-0.2855036969711149,3.7276457105118346,-2.266287292783391,1.6512365786872862,-3.713918743565449,1
1.5991566845286143,1.713757583854966,3.8514742889359717,-8.423339399788878,-3.92926142535255,-0.5540552934127837,-2.2878633008945757,1.3222107158456242,1.2010147611718904,-1.4696696664141435,0
-0.8332949582424903,1.3888130315023326,1.7588861925524437,-5.9013334530769415,-1.8483487986050942,-1.4180599219689365,-2.202593609488625,-1.4657113779620794,-0.6382769656971474,-2.051030637632321,0
-1.8604479999243069,-1.6784436872736919,2.318889791157781,-1.5124060547220415,-1.4583724872239088,0.6583925119224902,1.870476051441174,1.1699798327816329,0.8642436147342264,-1.8820114964184425,2
-0.682390994285895,2.8975309523792943,0.4800794269435864,0.008665625741307552,1.0589278740025523,-0.9778372003712856,1.914287492249752,0.8354702720240503,-0.6768292163870117,-1.6285207611007466,0
0.1634054740224038,-0.6031373598393981,-2.863638580559614,2.2060856967661313,-1.288395611943025,1.3005268585960061,3.547984119278828,-0.6800631869302493,-1.1956237708552124,-1.7912018816490325,1
-1.81203890112962,2.147213374202836,1.2196124547690115,0.7783380012164688,1.9450540398957605,-0.5975686357669662,2.3109405691778053,0.8829385315457271,0.6405335916310338,-1.8484960086756654,0
0.3305733926254358,1.6105323290834137,1.0938245479192192,1.622213505428401,3.1215400928860126,0.9667604626089467,2.291286449531831,-0.324094397089729,1.633948183523648,-2.366936211488622,0
-1.9642925222356131,2.631262167586214,3.910093739410245,-0.6869498851329756,2.255684293421495,-0.5261623535474892,2.020047205897729,2.6109527846411513,-0.4915611585980846,-1.797308628456567,0
0.6207475552794239,1.8282026935413478,2.634238882579691,-6.15269963023607,-1.967008661145012,-0.566128588607568,-1.248087737971841,-0.3749890021859884,1.0401885647927522,-2.5153610245555296,0
-0.8145947931704389,0.9164234582824544,3.1032043584719906,0.5843566728502024,2.3322493955714605,-0.8934932338876084,2.4901431429793983,1.5749154196495598,-0.5462590381260406,-2.053906172481464,0
-0.5481663559692463,-1.7502041731199731,3.4480160238392914,-11.498137862739542,-5.826735080317036,-0.5171830838060685,-4.337868091330488,-3.200466476427034,-0.5382361859911543,-3.6061167755454067,0
0.2214776976759162,-1.6899451658805877,-2.8140763090082204,1.9676445227825532,-2.024198991036695,-0.060917832770783234,2.6158058584408903,-0.40251422384422547,-1.368268938725629,-0.6919690916342185,1
-0.37940449898584194,2.3167569602679254,4.036694963580521,-0.7810612031119367,1.7892415128168808,-1.1385673730496195,2.125170222676977,3.069548032494953,0.3320652491644065,-1.565953812220261,0
-1.2767729521310867,2.2150680086060093,1.543903462647994,-0.4780373640773919,0.9708909383383062,0.0013796510079850618,1.8968604855384443,1.1905095920477178,1.1129465302072028,-1.7977047722684463,0
-1.1182741545652792,1.6541524231733744,4.731705708157477,0.3032835001891377,1.3897148908269397,0.7540831702904721,3.470696622969617,5.261928197479724,0.7428594795772315,-0.836663855007153,0
0.15310199293432541,-2.5643510979233715,1.885732119406079,4.863707616420375,3.1025703023267193,-0.29225521544384025,1.7979385931332876,2.3454324881984165,1.018157247648752,1.5657329816261227,1
0.3450753769458505,2.1467200946566907,-2.131806033845789,-1.6744106063371316,0.23911371778466917,0.23882938618641383,-0.4464756861400865,-3.9829474214360157,1.286503119071931,-2.8116321908152586,2
1.9324594974495528,-3.6824380434810946,1.942738321908743,0.4145971439483228,-1.7766504042272133,-0.7602909475639799,2.709597095815085,1.985581291920804,0.443523738462415,-0.9097856331210312,2
1.2624898948769503,-2.7873454493710192,1.9581580137774584,-1.392653182554225,-1.4920859580374515,0.2230912250598942,1.751710843869716,-0.04175553069326573,-1.8619501348740473,-2.3961129196177753,2
-0.47386487015952894,2.2663791060026046,2.8785486235823594,-5.094741389173635,-0.6904908463132864,0.4508913752125149,-1.9067364594430607,0.22477934762023785,-0.3657996727935024,-1.2503825928100785,0
0.09110086660612234,4.723033596565598,1.155551968534164,-3.4426419251650566,-1.5554590144106952,0.21160038058850683,-1.6934610873434168,3.65922380430947,1.8065346714593336,2.106541398035179,0
1.0286543794558898,-2.547129309111358,3.0070485587937243,0.3994653608750648,-0.726246809003833,-1.8655451010781223,-0.20428860865911824,3.9810393495786887,0.42956300020347943,2.686373633691192,1
0.2954272865648849,0.03149941800190437,-2.333730849968666,1.6921292973381412,-1.586948539709402,1.4695825373608864,2.8883006175957537,0.5867496241968545,0.6634477291515113,-0.6723848675987301,2
0.33607116792566905,-1.5398896278801277,1.6815994185691103,2.3441821536186116,0.7852896872486816,-0.1868033912610023,0.8751014453746855,3.1023821826933484,1.9571745336396382,2.0500741500885398,1
-0.21242892991046652,-1.5821362579173899,-3.0194295063796304,1.453215289274907,-1.7619259245024235,0.028012915358889258,3.4129106624320666,-2.112856857608551,1.5042142828299232,-2.8559994102024966,1
1.150607550593069,0.5831074743885278,1.9516040865836954,-7.925438839976826,-3.896667866821459,0.0001866646349733769,-3.2741534731928463,-1.3394952017057271,-1.1326637535596475,-1.6487215305895588,0
0.19656354764246445,-2.583331405561664,4.491793506283077,-3.5844531425788704,-2.9624573270167587,-0.5713742524172769,0.48412739311450115,3.284313846825367,1.0080040042932596,-0.3751317925081459,2
-1.1354666958101698,-2.632699829121688,-2.51185054118719,1.6236248270765101,-2.344018870415809,1.2916352267604467,1.4629214134996649,-0.36088167975006025,0.4879054450741863,0.26894062208340497,1
-0.4652168666180802,-2.227516315592915,1.4926238520178645,7.020276180072703,2.155586814813863,1.3798386997400571,5.088284086400325,5.568837609222912,-0.28879530269948617,2.001755323528258,1
-1.1748413083829365,1.7308551607839968,-0.34529614672435693,-1.7969261874499274,-1.1227034476018671,1.2237103406692909,0.8317731114004943,-0.28801298113831486,1.4258947496245888,-1.6946986041038115,2
-0.2795683042665431,1.277101716215531,-2.1167294823907508,1.430234937115914,1.1319439886714817,-1.0676348506009778,0.6452676493816563,-1.813739221666155,-0.9976745727406487,-0.9048625452600154,2
1.745871336135157,-1.4822854031410926,-2.0343239318329003,0.5891239801212579,-1.8069880347965945,-1.5534277984667928,2.4563123782994323,-1.4679887705179058,1.399283341270051,-2.1731206442968074,1
1.4265929803244661,-2.2099032118536943,2.262042625807225,-1.4400640637132986,-1.380669742314689,-0.5012461382334787,1.7683481868828612,0.6508456408062097,0.3289328939240983,-2.0776659668340254,2
0.8089247222790114,3.4059437801856096,-0.9670176270433342,-4.94851554683829,-1.3747527525022485,-2.0254180833204796,-0.4710168037924358,-3.6336256020832,-0.37418027599018366,-4.241281865510945,2
0.7661960091741071,3.430815675503335,-3.3555558745927287,-1.4501257602396034,-1.812143367384817,-0.15556569452183558,1.8926384683321817,-1.9822547164825235,1.0104138262506557,-2.9749223146774932,2
-0.580143651502776,1.3175498879361682,2.285740743312943,0.1558495497746237,2.3668240939577156,-0.3815241391915724,1.8137271943719657,0.2902787079906158,1.369254797421876,-2.3605144849902073,0
2.765979614439267,2.6954348302859037,-3.183084441795928,-0.6798945154331922,-2.8951570377429445,0.6084077537992262,2.977206457982047,0.08296727503149773,0.09913833941812458,-2.017476970188383,2
-0.9960497860017741,2.261850180563862,2.333736631474667,-1.1350928997985867,2.7784730678017313,-0.3500184545911409,0.5638260854641979,-0.9460527167270604,-0.5323122659297901,-2.809955460378361,1
0.7800702973910638,-1.3704609331304172,2.8152416007736636,2.8807798253052965,2.0150878902890783,-0.241749638893447,0.578229404818859,3.8997971927440465,-0.6302185531976071,2.679846586022058,1
-0.39814201058847004,2.9670643189925476,2.6355454523820256,-5.885624418840574,-1.5314144624949673,2.441504342169468,-1.9199984985260543,0.6044342408870014,-0.6119221214117702,-1.2199794498030552,0
0.38196645752409497,4.3286124337440395,0.1906989130200818,-3.6111167187058104,-1.272785215651807,0.41692950326481654,-0.7010083044119588,0.8247704043921773,-0.8214695290296501,-0.6429850065384024,0
-0.10622149384201134,-2.7880973164808207,2.986117869557304,2.823603990573894,0.9398045411849165,-0.5939031720203022,1.4463612718015662,4.177066105813602,0.0834811255198509,2.242333739839606,1
-0.6530916613503364,1.8321905120033655,3.862188111457967,0.687168312158982,1.6960396182554391,-0.06614328487366697,3.3352653944501407,4.308410194159664,1.189515042665042,-1.036568046982263,0
0.6918811448550872,2.8121996784562646,-0.28371879962308233,-1.5002758143839185,0.5048722919139117,-1.201303349767834,0.6947749964761307,-1.3073184091580845,1.3349032478434442,-2.4453502193860333,0
-0.2323044937361695,-1.3450154093293412,1.9974915718621222,-4.6826620978558555,-2.64023197636239,0.5968621810742627,0.5589528743585115,-1.4736907342087333,0.02925147970187543,-3.799199599799191,2
0.12536531576516902,1.6647897742159292,2.8895665413889997,2.3544253522582466,1.7699267000705525,-0.7072933806359618,4.414470863917225,4.754442683298328,1.161398787431406,-0.694241111063004,0
-0.10137825626420019,1.7248334347378356,-2.3668563148542736,1.2729874047560472,-1.9625945619590281,-0.8135303493662359,3.32295651597275,1.800408309226974,-0.4927727282429369,-0.4766039653342695,2
-1.0637896161020317,-2.3890875748960188,-2.2654982411257127,0.8491522997093658,-1.7882549736323252,1.029882539130331,1.902164790867396,-2.014485276356945,-0.7898474390492546,-1.8072016468584915,1
-0.281802380686724,-3.420305511556036,3.5191235941453147,-1.8425496741525915,-2.989904899641097,-2.620670959681053,1.5184812388087265,3.436012138936826,0.09849834802468097,-0.10393274996090418,2
-0.7345580968654715,1.4306910911783821,2.5316753840495405,-6.601673695170278,-1.4485068280294549,0.12652320501805506,-2.3684163268727643,-1.9367502740221025,1.013455821741101,-2.803169279563859,0
0.2562218360819781,-2.291659202151431,3.5051558820162083,-2.4931643001072454,-1.573044560698929,-2.7132426341634117,0.9111287166398212,1.4174199396625804,0.4834398919300388,-1.5219793719089176,2
0.09412426778927614,3.3912900744292696,0.17808530900041686,-4.607971724876257,-1.8565557591578652,-1.4891464178991283,-2.3078832220541607,0.0086107573182551,-0.719006667681404,-0.058339795679881234,0
-1.2646864317560584,2.5990364031375384,-1.4263990002948534,-5.743821346790652,-2.4896936565505166,-1.0698953290805033,-0.3361146366072121,-4.518883859772391,1.5292965508395333,-5.043530994139109,2
-0.3587659360951468,-0.8603952741499148,3.6596902716069155,2.050868091623528,0.3415124739362194,-0.5199750884075218,1.3347066411986312,6.646428497600191,-0.08152282681934891,3.4932578566732664,1
-0.7563234246285745,-0.935307849246541,-0.3009744544761803,-2.4071672738428522,-1.8648424664418632,-1.1493716102158729,0.7036686442179818,-2.2660643737056505,0.17255019180419026,-2.9808866300775105,2
0.5389191851437345,0.45896930787303747,1.471825728966924,0.8864535453117124,0.9486344938175404,-0.3606479120661918,2.8713862769887752,1.2895462863950289,0.2961848047310136,-1.8466701357740054,0
-0.6038901156557858,-3.1210397319061545,3.1765229966115216,-2.911674312752975,-2.25056183420851,-0.9512693931383018,0.7422591086415924,0.7073772506941656,-0.39294200180640454,-1.8333269044119733,2
0.5939267344226444,-2.8978182360680256,0.9001635759740896,6.6217214089935075,3.0682326227058994,-0.2701599923826637,3.9300377319432407,2.5279208556501995,-1.1044112775115846,0.824787849568807,1
0.4796797395099632,0.8226654333107053,2.9704246278178053,-8.384681716042175,-3.2745015005736615,0.7540759331580894,-2.4582394730741677,-1.6424054969600332,0.1989496964833095,-3.17798602910415,0
-0.927784109060761,5.280497106022617,-3.7349043640807125,-2.8856204340851064,-1.9577720329452077,-0.6859980417194214,1.5177173146891956,-2.733217177510659,-0.23937685150891483,-3.840622319986725,2
0.7289091555627822,0.4654149421349205,-2.536301514991598,-1.3652489156109753,-4.307553063452069,-0.7658600900863026,3.1020379199714316,0.20359763657264485,-1.0372657409627284,-2.193026785897347,2
0.36141552377197955,-1.5728156673790363,-2.337278725623811,-0.02599417683090911,-2.274067034549857,1.4067808557880386,3.0771694878455094,-2.4321492575500314,0.6082288953073121,-3.5661236218521664,1
-1.4961991540760018,-1.4207761605718345,1.253780619982812,-1.8771102897589507,-2.323276758699426,1.4580252755643248,2.276416785403095,0.4914433492045972,0.07698314140715402,-2.5422295598019566,2
3.061946965406219,2.4631351312616916,0.4638151612085277,0.5587675225537547,1.829326252182176,-0.98026117629751,1.9471791918242507,0.047263298343895734,-1.1031827573082331,-2.0205514048315276,0
0.8593137911229725,-2.286365894727712,3.4009354856712393,4.097627223600067,2.3322117657396833,-0.2167365144042404,1.4722410692685082,4.962311691517991,0.4667162340051821,3.0461508773764105,0
-0.6240987123257102,1.658035541711964,5.251279744533436,-8.136988800797154,-2.640140821380971,1.2046744399937044,-1.1836959576531267,1.292321270731486,-1.621394156122169,-2.8856476602864336,0
0.36860082912020287,2.758712468678515,4.300035574214863,-2.95377501715648,1.6512902028762335,-0.8112571191371925,0.4618600838276581,1.3877136465243514,0.31572526693549224,-2.307075712640457,0
0.023895096986299567,-2.256557935307369,-2.140499014336273,1.0712758637445177,-1.9146605184598098,-0.302961376874301,1.7338499834289443,-1.1142088187026478,-0.2641710099153342,-0.9409270085860384,1
0.5822444775637607,-2.276593766305702,3.603759575481245,2.7033131861355955,1.2641045800638147,-1.7443307192782576,0.929280663404473,5.029748942373478,-0.0659746208908102,3.0291925009417033,1
-0.7422480135662024,-1.419886918590751,-3.305743178601314,1.4696323997770042,-2.9986275793602175,-0.22064275011577214,3.155158805516959,-0.3185988908032063,-0.503504161887299,-1.1321512061976824,1
1.142699916235183,3.01516116940605,2.26660390973816,-5.643715216224408,-2.413626462597718,-0.5214010918187526,-1.5883132633357275,1.7367630777405736,-1.7325440243543537,-0.41527090519934795,0
-0.44029678710755854,0.4444192110294509,-2.9689165910456836,0.9349314061591589,-1.9061409874916886,-0.7707370597008625,2.6399955435407065,-0.5333171382648261,-0.2216885799990672,-1.4117288110657715,2
1.0452510148730776,1.3989591971800692,-1.3248034479591455,-1.016879126563476,-0.8215935510475554,-1.7381116395453866,0.9399184534793978,-1.3291371379261194,0.3497695206060582,-1.932140225230336,2
-0.08392725487267538,-4.133915442426552,-0.012542200429685568,1.6739900229509466,-2.37130716450185,0.5886526793824348,4.0187036026889995,1.0936619221873667,0.3332400365224288,-1.5570039641551474,2
-1.3257937713542476,-4.196028658725955,0.056167522149177085,-1.6789644548463765,-1.6710896130705046,0.23538826054801248,-1.8771820402858004,-2.7879084167653665,-0.6590067582323337,-0.5204325911012402,1
-0.14507659570363216,-1.503368298812352,-3.3255598867672136,1.533948409406241,-2.860933413738474,1.410213804814408,3.385751556111231,-0.6281463996934104,-0.3279419202673591,-1.5386987961214678,1
0.6100231697844505,-2.9840664169106406,3.65197193351511,2.1079413293051297,1.7837106700465784,-0.3125161606756704,-0.4955788381445929,3.30979188068697,-0.4691413650790981,2.8260179097058438,1
1.1447596114522973,-3.3911970567052006,3.99408034429314,-0.713599613625489,-0.5000321949766926,0.19256023453262594,1.2429178926677107,2.066347549724654,-0.9404602897857572,-0.7263797908226495,2
-1.1687410284931263,3.114849800338412,2.3594315954853893,-4.635054078025579,-1.1359823809944922,1.3680984817638127,-1.0434322523678525,1.2769710810225454,-2.627065356808166,-0.9637751638734051,0
0.9200114600053961,-2.5085137859668225,-2.8995837292594664,1.3102477378356676,-2.670820865132163,-1.6644767353332222,2.308956906737898,-1.1086468038251407,-0.30136312044018576,-1.050466044833583,1
1.0478511314651566,-2.40285517805244,-1.9298654456988669,-0.7694825125797348,-3.3022906768981555,0.015227020617449225,1.4730489617304836,-1.459465713305911,-1.1377379958113922,-1.6655250795360386,1
-2.3702524800658122,-3.7517676830340783,2.0988594270208387,6.476367796221817,2.7758126572178234,0.6731320206897123,3.9340323756108697,3.7629029792156707,0.25216735047557565,1.4171325911805706,1
-1.6722497745673186,-1.9550643716354754,-1.4676864964593266,-1.2403432827427083,-2.2445531472510827,0.8965886542360184,1.9223044849814357,-2.950819013098548,-0.0027502410341822625,-3.628111631644308,1
-1.0893499965854994,-4.398612700655808,1.8518416804754798,-0.8391845800586585,-3.7140072779802296,-0.980407409798038,2.474651855957475,2.453020072148378,1.212158688550331,-0.6284764536547671,2
1.1342947938882124,4.048032723560652,0.7336152699626186,-3.477665269658585,-0.051603055425539335,-0.9159247272624271,-1.6737585526729342,0.030496584607051482,-1.3938310438129229,-0.5162737645131856,0
-1.079392457099354,2.0582305217449544,-1.795649497634273,0.06592716155394993,-0.4705117842885933,-0.8377094318949696,1.4004059037470542,-0.518009383476289,0.836328719335456,-1.2548394541149595,2
-0.575881712458321,-0.616186391575922,-3.464465546279433,1.0636542573053918,-3.130051120445845,-0.10172002555304499,4.4074337062239115,-0.7455066983391975,-2.899893780274999,-2.772911034466133,1
0.38124426647807275,-0.6722180973830738,-4.029227125858018,1.3249262336863454,-2.99080626576419,-0.6528084841698033,5.124660534176604,-1.7148355591023747,-0.13592728985576719,-3.8645328354426214,1
0.01631560168577677,-2.9213145419708115,-1.3996297989768198,0.7934319434672452,-1.4685770134247254,1.4458646596420308,0.3933082161549435,-1.221940057389406,0.7903785250428523,-0.10872183064591145,1
-1.2744928824990227,-3.484824998531832,0.01988574751758776,0.2764968790795627,-2.1050058185311955,0.12407272571949352,3.1884399439877575,-0.5197854483104697,0.37955030461222966,-2.664117787991202,2
-1.9321671625260497,-3.7475364701046354,3.570817976060232,2.0607474358114084,0.17603619819862049,-0.657484937966344,0.887651386549946,4.444143922885054,-0.6754811770399278,2.6068477092865567,1
0.286194759048022,0.7251164405515569,2.217979350312937,-8.432851567790298,-3.5211812403595593,-0.1358547163882445,-2.788197857813407,-2.380210939389041,-2.498493587871451,-3.1879235996824526,0
-0.8533033068263332,1.0781984229145616,-2.300547218623736,0.16940566816337002,-1.7206804850003528,-0.6421946525342711,2.2807512857622627,-0.32673340661339434,0.08528423349335175,-1.5278252034028277,2
0.3144794724834049,-0.06029467474066608,-0.14179560073817132,-1.4262108494044083,-2.299079248047536,-0.2515808307655791,3.212801209337284,-0.06467283564442626,1.8381007079616358,-3.3325719138427568,2
-0.11565356854823089,1.8258844129202667,-1.1326705718823442,-1.6960437260023893,-2.320858417649437,1.1606990035971831,1.9396788883453888,0.25718484235609274,0.25258992737909125,-1.940385566736165,2
-0.25295169922576405,-1.7878412134562007,-2.311700223618331,1.091509950422754,-2.4564835012003408,0.6983208157562021,2.0573352522275217,-0.19672938865005796,1.5133362783557256,-0.505187721200121,1
0.3250141362565419,1.9937797913561626,1.2604074205733438,0.4505532603314562,2.2751025910307687,-0.6149504381483357,1.8554578642235968,-0.03375901684884961,-0.44624267421975117,-2.26753600583025,0
-0.001736523275695409,-0.0005930858867277955,1.9319554241433377,-8.587098611351275,-4.173581675619752,0.11955692459848473,-4.058632620582227,-2.1472235379060067,-0.2278879815506622,-1.7211161126418604,0
0.48178370786128394,-3.531527625990694,1.4063823513573965,4.145722079378134,1.0797444588308056,1.182352844091784,2.125309496597996,2.7617056742659107,-0.6958614201447756,1.6688204897703547,1
-0.21903181435247787,-1.9390723071998115,-3.771970703545416,1.123611251525679,-3.9131858900645806,1.1511294059581902,3.3452391894009685,-0.613930346960033,1.1936448655732277,-1.4055945922229598,1
-0.3496149900355497,-3.0338431426496033,1.9161474763111066,3.9548469676788547,1.101319436523234,-0.3770441691342582,2.123557848381717,3.6138592280905617,-1.1998597221795984,2.014884670793537,1
-1.0219741103907962,2.186259074930687,1.1417569279492936,0.9020462235995946,2.577643269312583,0.40410165500900846,2.1333641783679855,0.06671671782282523,-1.2060002010724695,-2.264886048744736,0
0.502714891773257,2.5613957239889213,3.1636175307780747,-5.789782445871009,-1.8123584859340685,-1.3121824775277826,-1.7209460050404939,1.5291784837803022,-0.34829345358145714,-0.7772782932519635,0
0.2886539308074841,0.5980696731083308,0.49504201612154675,1.4832278447491611,1.5986346011545232,0.9960086593886697,2.642255719231694,-0.033438435492902874,0.07477626792196859,-2.1350857424947445,0
0.5957022501755148,-2.337000085871046,-1.112517426272515,-2.0992295632433247,-2.5554232765099343,-0.24624212194871742,1.4428777832864297,-3.4025240456136645,1.32596997047509,-3.926714328385422,1
0.6627258265192667,-1.2199213241532694,-2.288774109614132,0.6233574476895148,-1.8497562783836132,-0.21347213599941883,2.7910283865192733,-1.619437317786892,-0.8071399829793362,-2.520607752710486,1
1.939988391476335,-2.9244094421102345,-0.5089877734123063,-0.7551910504431703,-1.7027520417132775,-0.554337967313331,-0.3745971822713532,-1.6239806860560415,-0.7419834280919447,-0.5985039092221915,1
0.4276172815847823,-2.07196525245034,1.7219769008458354,5.611381526005032,3.0742018093498595,0.4033003902452816,2.594670609475852,3.4128671302336597,-1.5613523357772998,1.9407091676584953,1
-1.0463548733703751,1.9063395453412073,1.0841689257228748,-6.491323317003113,-2.8271141813546965,0.008828138267394708,-2.3844186631303614,-1.2858605660635436,0.029102708325022607,-1.7736585431869045,0
-0.8912169480418995,-0.43734795865220866,-3.3588368876242654,2.3000180122063116,-1.650012072076877,0.2886321508983798,4.297319590027087,-0.8346268157219321,0.31963267591747646,-2.3868117071739223,1
-0.20429533330183694,1.0844878930760986,-1.2117866776023705,-5.087253383860467,-4.28625739538632,-0.791709350567595,1.397801893917043,-2.3760982409502143,0.8039193308807204,-4.547232229578932,2
0.7641052963280948,2.7436543790437873,0.4138630946584605,-4.986245350776798,-1.6953005626872073,1.2902611290460646,-1.8290530130580442,-1.2298122649533063,-0.5013692716678184,-1.5796931066650806,0
0.031075966875013874,-2.3434540620497635,0.938413415751477,7.084251111986594,2.722602636927437,-0.18241813553953884,4.732812307235414,4.0050919210272395,-0.6766708032480138,1.3348592416701144,1
0.2983918465663045,-3.21854842279244,0.5426174097656125,5.888212940488689,2.6048759578345604,-1.0954009030092366,3.3669630936798542,1.5559056887788658,-0.05519823428737651,0.49005209265728156,1
1.3520284761807149,2.908663926932384,1.2102428850966496,-1.4461553230894364,2.4274819404527035,-0.15010422158550477,0.19156905691865656,-1.7941274052458893,0.282187407430427,-2.926226879236844,0
-0.1798166313800403,-1.8163178379904898,0.4538254916227735,-1.8118285895738315,-1.4593830862104071,0.7603218753498576,2.0845221877857334,-2.2022253178552638,0.16178191260125813,-4.109611872298672,2
0.3314852620217588,2.3583766154506667,1.12250633388989,-4.2879847808801745,0.14649721752896827,0.42321237445701776,-1.5559141462835027,-2.4718921852009714,0.1417658589610795,-2.764913038252522,0
0.8651986080012756,-1.2873629849638828,4.085266618843989,1.5623833132145726,0.22987677206074664,0.8160068487744233,1.013625390902404,6.447988196047592,0.16666168705732284,3.359247624786787,1
-0.10479191689472767,-0.7800766339526848,1.8636262757437518,-2.0532686926141097,-2.449748478152604,-1.1732695560039301,2.2838758932471315,1.8657392435247706,-0.29003743960637235,-1.8471547686636236,2
-0.5361721666239897,-1.9296445656069048,-1.9326156729884807,-0.0407025458850415,-2.380853242153028,-1.3834625118283659,2.03127852281654,-1.6040323890732464,-0.26403776199440115,-2.0916704753450097,1
-0.7328928857272259,2.3495654001884967,2.7258863303466545,-0.8254452300341014,0.8390457054612084,-0.6561959548884432,2.141742937469135,2.610536823013848,-0.06957820892122617,-1.4763089031923484,0
-0.2731223524069119,3.715621289606568,-0.5754461642579378,-1.1441929471060213,1.4259103754958717,1.0358252384175684,0.48709331473242345,-1.7673436062800656,1.0544316549732602,-2.5190832485671644,0
-0.32662348908556743,-0.722532382513358,0.3643211830965114,-1.2908638262299883,-2.5236256080616384,0.21741657568671346,3.124132409105166,0.6871632018294156,0.28053234055525844,-2.7119665035530085,2
-0.6399918167774491,2.923864988485364,2.2880674780196033,-1.0660550774512298,0.41572434381657786,0.11386940030968377,2.084768668006818,2.795763741034897,-0.1662214847101506,-1.2818199426080277,0
-0.29340551584204505,0.9772840540574297,-2.0095573233451915,0.8064931226763308,-0.8242645251828544,0.8074447180083516,1.8755779295026662,-0.2722623216446574,-1.4494197291774182,-1.0006595284446225,2
-1.137687456550734,1.1766000294921217,-1.7500995561169892,-0.16918523510485203,-1.498011605931781,0.6526464071770783,2.214183482276933,-0.2803289089952664,1.2126082374204565,-1.764964499352467,2
-0.7893470120509625,1.670256427651061,0.8907460620939927,-3.3220838219130058,0.33852283490733326,-1.0122733568370152,-1.469851624292553,-2.2726492348402907,0.10207491624738367,-2.173039175390117,0
1.6224983409010136,1.4549370090981832,2.853526446301359,-9.001536402055152,-5.068520462443658,0.5310966022846075,-2.5763406320479976,0.6653413375715551,0.022203934542636587,-1.5207343019620319,0
-1.7967380129780532,3.2217483430338243,-2.331144592590526,0.4677033458499697,-2.9759146122745364,-0.5422823377626642,4.04706587326818,3.24421496006547,1.4903794701929813,-0.48737170757691595,2
1.3147798255965035,-1.8216157635136807,-1.7025708990942965,0.7428019586034602,-2.1298809350633743,-0.5493598549354416,1.584222823492723,-0.20158291758650299,-0.5655112882176463,-0.4276756168778597,1
0.5507877351167638,0.24202079813247268,3.771405129410998,-5.2882959817872255,-1.5324021348868881,-1.702128706538388,-0.1445491991384058,0.10130007486018949,-0.1946766623579972,-3.024413973727163,2
-0.6151876757156072,3.1242294535094626,1.402358729472157,-5.0886313116712,-1.4944781749977687,0.9898601405859991,-1.8030327065341079,0.0590260644926462,-0.12889918411818965,-1.0460946668524622,0
0.06863704842771541,-0.6516285741656977,-3.86871699719892,3.291476472374508,-1.9356454311141154,1.569866436259967,4.2715996654496164,0.2069804473879443,-0.639230561280132,-0.990621554752827,1
-1.0195062023841872,-2.0100099486635163,0.8153423467419794,5.350782708821628,3.8040810413430446,0.3409526902216264,1.9130575480640686,0.8671958146448202,0.9344277832313074,0.7883400236466251,1
-1.216325832795099,-0.5431731852386004,1.88764243911651,-6.110492309229175,-0.7784984135977864,0.2349778748162469,-2.6267742844297617,-4.802026962626685,-0.2101669077919015,-4.136078998396586,0
0.8986484586849005,3.261176341024053,-1.1198501625698771,-2.808626351077121,-4.154911681371244,-0.7067297635192396,3.0151097372557665,2.2994030669694507,0.559577061510467,-1.882234443778403,2
0.819888153981797,-0.5355146730484304,3.0237589624874843,-2.6038372954346456,-2.2274517495375816,0.004601087097138987,1.6814030856258049,2.81209680901773,1.183227173712846,-1.22063911713277,2
0.6084420694741921,-4.603451206260068,-0.3784734299896728,7.356279312311988,3.800982110381401,-1.1860692313994132,3.7275836323691385,-0.7757489384928179,0.7143189358736531,-0.6217495631979677,1
-0.5171370804487624,-1.14214275056099,-4.470478582238508,2.808836878514739,-3.288113394240473,-1.4211531401456212,4.374145067734043,0.25354485593678694,-0.5253888696369459,-0.9189509525691149,1
0.9902384537051827,1.6386646342692603,4.091581272720182,-8.162938807389486,-4.219085391219389,-0.4540335803194438,-2.336613029312381,2.4775717609723826,-0.5869656870923221,-0.5099605294332186,0
-1.185860547130203,1.2608240628839331,2.7118467926325653,0.9183938444674538,2.8481308353372388,-0.3938018684435067,2.4333005639186602,1.0265521672885658,-2.3219564173418106,-2.223061829514242,0
1.2613181018500463,-2.888768246831977,-0.20349892163838135,5.811055071425781,3.059438022619374,-2.2481428867921633,2.510992291960296,0.25782288286845495,-0.32782352634269685,0.43618462487820486,1
0.4105320144092518,-0.23558793294107905,3.1250526813743766,-2.956784988737691,-0.7989972197471196,-1.8767187306827366,1.0268961871244258,0.6913624567773696,0.8802850789837808,-2.5011538507927806,2
0.9280450710056922,2.4674109900591854,-2.1505287540320057,-1.128168010154021,-1.0456199169720608,0.20971329919736692,1.224494842599659,-1.525338300760479,0.5428283512706765,-2.2223259817985843,2
0.2635467405781687,2.38424538460826,2.481972505288927,-5.668950901695345,-1.4720097041843085,-1.1802836038228717,-1.5534604452622491,-0.033167166927002605,2.569907035475335,-1.8328288475911216,0
-1.1079830420429075,-2.2038007934231354,-1.2625929605947617,-0.47246273769910535,-2.332532291593972,-1.249395203059528,0.8996107220581187,-1.1640500317160507,-1.4019080677162379,-1.09719578477546,1
-0.8074354014696146,2.7323488806321183,3.3088578333971195,-2.19408442662893,1.1950252984399687,1.1129056673809317,0.990342269148619,1.5931200371104721,-0.14900519936386536,-1.986766782250762,0
-0.9169275453299295,1.4808396945092985,-1.3554554380063144,-4.658272481651384,-3.569164090408011,-0.3990988538209255,0.8945548864762356,-2.517178572885852,0.326624217565134,-4.066716882103233,2
-0.7844906432421096,3.1257813854405554,-1.1460145458670428,-2.2754523784118432,-2.7192702689590975,-1.8360719875025393,2.1369489689661516,1.0394821141301906,1.1446062820500897,-1.8783844434638943,2
-0.1268807141021942,-1.3644451346244466,3.5725157506274083,-1.5578491057895711,-0.8977002287783487,0.5068774563905613,1.5153929235224264,2.4553138889483406,-0.8259841780265164,-1.0814865245591105,2
0.7404071223772372,-1.793140451649005,-1.6465120004116622,-0.041951555164825065,-2.2954361537008072,-0.11994127362647256,1.7678369960973392,-1.1025614277315947,0.03390078412545998,-1.58972767706719,1
0.6148413973029732,2.4951318858177953,2.259759050953857,-5.447087460673549,-1.6705963429221253,0.43374922088634593,-1.2242147979660651,0.26315933819612836,1.7786551265382484,-1.75102204378529,0
-0.7675116467674356,-4.2605872258905375,0.8396199197571603,3.014029698669522,-1.6261038385350015,-0.3961460899373217,4.363791683736039,2.9608480406024507,0.7636977158480469,-0.23944203679179088,2
-1.1838851760524995,0.5465374052200007,3.2338782515176927,0.13087773079294934,4.382300214901671,-0.1418016249960874,0.9058318230883571,-1.8580726748614194,-0.7145470084708703,-3.4874307566043665,0
-2.357334224599479,-5.337972769418611,4.629170507142339,-0.05512651385087632,-2.438092330174099,1.1049419222309718,1.6852007610129502,5.16958109742711,-0.5149485306271437,1.5769539202789016,2
0.6990136200130055,-3.199517638612775,0.666558132587487,8.560528705553647,5.384314085622826,0.5660859827442142,4.240934980315448,1.1189471044343213,0.6354460283143577,0.23494286892576088,1
-1.5763517088994359,-1.0202917218957217,1.3951575317185383,6.221024908449802,4.008016812382977,0.01424416401371203,2.603863865063373,3.3136913181291248,0.3535478631986765,2.035722943815687,1
-0.5022751745078862,-2.84477353489417,2.792152447363983,4.363680824349725,2.20817339973887,0.923970458584404,1.9261198157364052,4.013469119825635,-0.4927552111940789,2.293208115756661,1
0.4874139269048432,-2.097382241153038,4.020761684985386,2.332514435064751,0.9471820631077559,0.1798310795379064,1.1446379799215671,5.642438742482524,-0.21645222277144752,3.012197298328772,1
-1.1788166402247968,-1.0286616457515598,5.1208382236223535,0.20014640760035085,0.4140568631669548,1.308011915661778,-0.9981932596976324,6.5942019398392,1.346669723754866,4.378124308280244,1
0.5102276451696075,-1.5374089466740937,-3.736740366455658,2.588321911624393,-3.004082691497165,-0.38193227172536476,3.693856293884103,0.45700174975404545,-0.4847906763568931,-0.4454017362537135,1
-0.09711820107514263,-3.2547031290331008,0.5694772102324699,7.795109676911449,4.893093597964892,-1.0280964078219301,4.140015130130835,0.5738338617970192,0.14891007584637195,-0.32038769492631003,1
-1.3291851333448825,-3.6178076230317835,2.238333756279257,-0.8435749467407689,-2.5403989428785274,-0.17482036396387599,2.1723578230520433,1.9627955071579712,-0.06118843777902161,-0.998013484684076,2
1.9015592551136702,1.522656885326247,-1.2845161221382329,-1.8521884041429548,-2.2728385971627967,1.0366468294192557,1.5812719208475943,-0.4032078550576245,0.2448193738945395,-2.094026090726269,1
-0.7286780669457907,2.6937827208419947,3.103620968236899,-6.689669711925872,-2.5115355024542168,-0.02302485444650096,-1.859982826657712,1.3385271835314918,-0.2920085455130258,-1.1069121047203434,0
0.2666727637833204,-0.8067167072046242,2.463918934428816,2.2978247357267465,0.41981576170467716,-0.7065605788334728,1.0632547643005408,5.311998122437025,-0.9070081583826592,3.2068815246413744,1
0.2502953101830424,0.9537807032562466,0.846458057937006,-2.424458526892718,-0.73087750283893,0.8403191275848484,2.1574985659466255,-1.3192779608057212,0.8091160682419203,-4.226267732370609,2
1.9928326252700297,0.6512385681724235,-1.1566405780018287,-2.205280955227455,-4.395256793922451,-1.1177788402369702,3.1433715401558624,1.2145124644444074,-0.7792955995214319,-2.2597846068908654,2
-1.47423727889541,1.20752905921033,0.13151069088803546,-5.970347315193534,-1.3312970069103176,1.8095149185186066,-2.5082990933303955,-4.791611929584296,-1.847408384527915,-3.783319595181151,0
-1.0149348063096417,2.5198282763845943,0.28757325863684424,1.7595287289328982,1.6582323588965642,1.0518950572656043,3.015448663432898,1.5259416540858628,-0.7611863848144755,-1.3439837590793675,0
-1.5081878543539287,1.2709723926818675,2.2818150010627627,-7.406894601498436,-2.941363058176086,-0.6927548576980426,-2.2025564319662245,-1.3849078475268708,-1.156978475142292,-2.678360718899504,0
-0.6099007628719224,-0.2114804797773866,2.274177817366605,-3.2715509884313887,-0.7199977687491279,-0.7150632206374263,0.990227434243188,-1.1155992454306536,1.5753894740561654,-3.6815600832654845,2
-0.18138540310928583,-1.5438379395520547,-2.190132204953144,2.5872458357027743,-1.8506974078856464,0.3382524875291783,3.196021222020942,1.079995120435221,-0.49435433785671684,-0.08504479490317696,2
0.21482650611660128,-2.5462426275704724,-2.1717035435947283,0.4781163515757221,-1.7197080899770871,0.024407339533162126,1.9620855869036855,-2.7119623620734945,-0.561782494830015,-2.546346895256482,1
-1.6815770997674404,-3.2909632722021653,2.6831870454018096,-2.865210551319535,-3.2584947524246552,-1.1582859963660044,1.1951216844954795,1.3209644041187052,0.11959867821744911,-1.533050855853522,2
0.13784450488078345,2.514941661015197,3.025178311438965,-2.996706767825273,2.4762373883625237,1.533854941032175,-0.5863095998095882,-1.63624332331858,-0.7027280159126388,-3.2552246647524044,0
-0.5531921834348867,3.2934845500197305,1.3102798469071515,-0.6827891903272152,2.2120549872045894,-1.354018358498404,1.1159502746491428,-0.1682751201126658,0.7036416157931751,-2.3039371763017935,0
1.2083478175735631,2.1443645307673225,-0.7954556793806424,-2.94474043615177,-2.50557081269838,0.32584085214792474,1.153579219699977,-0.28271748591076823,1.1414643179722508,-2.2605485939927945,2
-2.1148662950169905,0.9215345781013868,-3.0442513823704167,-2.5760762404448103,-3.2607484977963077,-0.28616863668797066,1.6172485895999265,-3.053365059762247,-0.20902109965135976,-3.716118462301522,2
-0.36158858057559284,1.6351375043330545,-3.0880890439989477,1.2820052672454831,0.29612258483932496,-0.8333735587954348,1.0893881208696405,-1.9986693108179812,-1.1177496539261753,-1.1869466602006873,2
-0.24015281230749122,1.8410587165658803,-1.3211063591702918,0.09528967050175073,-2.093322907898206,-0.2960461003212362,2.796297349426686,2.037665817358955,2.5546863259021158,-0.6271287133274834,2
1.8438986920019504,-2.1954486008683793,1.70320958381603,-0.5989023267598494,-1.247238606283052,1.6845797460168992,2.3629061755896448,0.692550376069721,-1.2352804947662746,-2.081915024043943,2
-0.3722724842855991,-0.9840492151122822,0.8684026035035171,4.266567246780847,1.935469145224705,2.075637542165838,2.19461926383052,3.0158259591683345,0.8247490065722979,1.6879217976596281,1
-0.4702435923032813,-1.6977435884963803,-1.8234472403105402,1.3538202047519134,-1.15399872017655,2.414217312238733,1.848587209237979,-0.974348039766465,-0.429063876901458,-1.0324499109963141,1
-0.07436859881871455,-0.5084587482781762,3.5171452754357952,2.2910970667444412,1.708498613872769,0.34438421737853486,0.3965810905633669,5.327302678178871,-1.733826354483668,3.378376117525872,1
2.6846742380640736,1.1205219529251287,-1.091053094793744,1.776178599746632,1.602592957636065,-0.3511962018037653,2.420795405685168,-1.358805055561265,-1.2332688262968767,-2.3649309864607946,0
-0.04546497612900444,-2.942705302555402,-1.4929094103154794,0.0014339419561546934,-2.1082250100995723,-1.0612935317114818,0.6060793970994962,-1.6608010215640305,0.47291708452549563,-0.874829634279237,1
0.7151624007606846,-3.0858578887201404,-0.28008093565039127,6.617514484320032,2.762559095154945,-0.2773160565659805,4.177545855322577,1.0244916958780603,0.8521788848080184,-0.11281813341650704,1
0.07343451924111885,-2.8805610544823117,1.3625828517969825,4.596815446567582,3.0818084371231116,-0.47434544190347283,1.4991103715354055,1.0495925338882097,-0.33637866311040404,0.9621752751771053,1
0.8074618356124449,-1.9065295907548885,-1.280773563179801,-0.7259723835126249,-1.8424094055717373,1.4555808184893537,1.6488608836350105,-2.3783980076481694,-0.10648788318054717,-2.8365922278822655,1
-0.7276723548562242,1.2463542654914188,1.8901476742361467,-7.034000696292983,-2.4628664379380822,0.18911121660394065,-2.7653532151348523,-1.9418390468074438,0.00946519402268165,-2.33923022562962,0
-0.10611951556933184,1.1327939196043326,6.344792180444673,-6.384912097462155,-0.010170776825934702,-0.2702767610101646,-1.6361044786208239,1.136967576157964,1.7046510059281352,-2.3367501520925367,2
0.09682817740951716,-2.1057985233676773,0.5410633542203431,7.331877389813281,5.351505873568566,1.0045929091264905,3.1247026419347703,0.5025477921721947,-0.5038467528248772,0.21687215803207005,1
0.02128043710406337,3.4067719898556694,-1.5943632252037117,-0.9132809319072768,1.0009508381226573,0.2214916232783944,0.40465462198672575,-2.467606052443867,0.8867323595545424,-2.4961987964076666,0
1.621226879726228,-0.733147646709785,-4.144628240845742,1.862096279073348,-3.2147835292996154,0.297083451490835,4.980954553968676,-0.7091258209945405,-0.6544018951685149,-2.7139474236779932,1
0.8442832280974177,0.4165450293652142,-0.7325451625759227,-2.6663467259686175,-3.56156732723172,-0.5899092978657563,2.0427808790679087,0.03970056256771341,-0.17494456600131203,-2.483315950682346,2
2.6450367904151584,3.1675882652138503,0.12616655441982605,-5.145838335022057,-1.3150583233684243,-1.4040012963810977,-2.0340609293380116,-2.0398300563233414,-0.8974915631672096,-2.0402612031340586,0
0.7439016768802931,-0.8062019318090397,-3.405308645164979,3.0325113288938184,-1.9602555176718717,-1.6698676666737307,3.6809508563499707,0.6191250419599027,-0.8327052186054525,-0.3803778904718327,1
1.5094576934076902,-3.091272222271779,-1.2714470426730338,-1.1687653832384275,-2.5477334359825297,0.6181091025405885,0.6642517024521848,-2.5840910977201843,-0.24032823743301487,-2.110660933090569,1
1.970864270717799,1.1654381239331761,-1.3953250109014927,-0.5663816625306113,-1.6077857683556425,-1.27040874397943,2.005889934529138,-0.1261148749417249,-0.019468699077097074,-1.7240033281150045,2
-1.2334975839449034,-3.9080378256637696,-1.4153776199307022,-0.31882125614983536,-2.4910711021312553,-1.0418475454405287,-0.22493036391085974,-1.9553089276051463,-1.4896374214361092,-0.36922686924818526,1
0.7613055634094525,-1.9078442855386375,2.3179024283645644,4.07001054910159,2.9866966707119538,-1.4281484954450976,1.25199199656258,2.7313255857970025,-1.1459005899823282,1.8304983277790328,1
0.2619503493413132,2.2984036105291747,3.8163925839627613,0.05126601199562923,1.9522323275388997,0.34494500154628505,2.6239627940759838,3.5523849474343097,-1.2551077492566356,-1.2627164693651314,0
0.18151333150755436,-0.020847348646207964,2.6617992967152833,-4.91626151181061,-1.2591672873198316,-1.1874654017384385,0.147627094820582,-1.718461385183913,1.214973511292237,-4.136714554839109,2
-0.23212931854845434,-2.784588684950837,1.9001763311542557,3.191672088752786,1.066445762926608,1.2548119434691696,1.417045481775744,2.973427930785354,1.1646149903103564,1.8511201053547488,1
0.3171469847104752,2.5984884144118556,-0.5084331692373787,-2.2389423589774817,-1.6042683382190301,1.2024777476530082,1.2657307665974165,0.14724736539379357,-0.045861259369021544,-1.9520459662376741,2
0.5863329755781368,4.2097030760251855,-2.2364392069817556,-3.3648108753982187,-2.556873013814587,-0.7242465320583404,1.5863727862291088,-1.303351096246836,-0.3961260979892287,-3.34717708145738,2
1.2102435005068763,-2.47986527351628,0.9786583410489831,6.1653917880475655,3.846253731258571,0.06992926714063982,2.5805245539039445,1.611451516756416,-0.2690165464148226,1.0623839874643883,1
-1.0630179915769966,3.1250891966034806,1.7916298653139393,-1.006115614218323,1.2131323154428586,0.23641786235993267,1.5642813061925191,1.2886986655026782,-1.1656715902886647,-1.824938826604306,0
0.0911882738437822,2.515539113818493,-2.361724958270223,-0.84197334111584,-0.05478891927971463,1.068959535275138,0.429818993201861,-2.603866397058792,-0.5619462476951015,-2.192364420896246,2
1.4961022334255598,-2.8691695678755322,-0.05225829902669776,7.771404697374596,4.938480805132194,-0.33849396429229733,3.7361360847818235,0.054926734680161675,-0.4759886023863676,-0.20090809006176347,1
1.8272615049570138,-2.781872181435187,-1.124027802586037,-0.7182964534148876,-2.7338020310511273,-0.9954036030247475,0.2757746071457885,-0.969416454177701,-1.6553688814058016,-0.44395563964671525,1
0.09697017676084972,-2.143073640346857,3.433207480213241,-2.514988928676525,-1.7455685347315308,-0.3693867320636845,1.0196217163106454,1.6383830417004395,-0.14428794263673994,-1.4470226013285186,2
-0.5138386168427719,0.5614033163170271,1.3159817143554542,4.164606103323107,1.6754998162644192,-0.02683184370905971,2.8665202508107734,5.0095814710192705,-1.1473219676483402,2.235901725901206,1
1.0951604117202318,4.588220141112389,-2.351600661919788,-2.273846743209881,-2.3009632231492336,-0.8312707739523109,2.3351122991605147,-0.16955196198679895,0.43350549994684245,-2.762216076145495,2
-0.3977041139069179,2.9545356431795406,2.493208738480003,0.140894071383486,3.23887717807888,0.3734932694017224,1.5987599917930577,0.7114125257938367,1.8199488505496704,-2.1513354799597635,0
-0.6810551606146789,1.2112880521052212,-2.4892645571556575,-1.351726251115092,-1.2038184498221332,0.08079162972197933,0.7629699975562272,-3.028501314381101,0.9958719766589276,-2.764834119078903,2
0.7870308368716137,-2.3453911148280095,-1.03959950031624,-1.4023021658099883,-2.412582090411553,-0.14311573696377775,0.800517501575206,-2.2166812244422256,0.297394853531108,-2.2140787083142475,1
-0.3016338835352606,-0.6093374718535007,3.0002629106915535,3.3462291509226816,1.2652481534532702,0.1295004510080991,2.071082308611723,6.143490037795125,-1.5205413173698987,3.0950524178847365,1
-0.16966815878122207,-3.1177593870591602,3.0531441291977774,3.0103481533490077,1.2768395358985178,-0.17194793491127605,0.599762776618175,4.069769782600825,-0.8063626971363014,2.9961276218273465,1
1.7701676156472728,-1.2643943388359107,4.32485766940205,-9.779431208277755,-3.614481764369751,-1.1135192324279926,-3.409771434462461,-2.7174785099558645,-2.640897679343706,-3.857580665524977,0
-1.6547282764099975,3.1152563412785903,-0.7786110109897888,1.256082946323992,1.2821001495557722,-0.3125427371001645,2.5073348671613918,0.5152493559975074,0.5387981587692622,-1.5465825794610732,0
-0.6808829045078987,-3.9960342643790905,2.969189967290578,0.1623814057179115,-3.3290578855540702,1.6974321813367699,2.84488051526883,5.208844191582118,0.13613774013128735,1.0752857102806948,2
-1.001062213384433,2.4631947546847277,2.9469733213241462,-5.812042239244549,-2.1756868113866568,-0.828397454793649,-2.0362009139429595,1.7876408620438256,-0.28368469367815263,-0.20830743938147633,0
0.8947235146471376,3.254787585431491,-2.196023658924296,0.9594464060927438,0.04495135504264969,-0.45310586798071245,1.8407615008705276,0.32567880333374155,0.9016233760593639,-0.7003593659581875,2
0.5987390159931402,-0.05405730617364801,-1.791713218764574,-1.008847818701924,-1.0382791139503893,2.1640073739123564,0.8038672750189884,-2.871894966665037,-0.9202385297763772,-2.640872034678057,2
-1.1501720603143877,-3.5741521068125186,2.5219205355087126,-0.4031173853322017,-1.5302607737553828,1.2526157196195573,2.0378852536056278,1.549226955520993,0.346636196565839,-1.1630400751182903,2
0.27402735267208544,-2.945844519489424,1.735727822144305,3.9781325343909595,1.9304370065855714,-0.29859673760962646,1.5964386438317564,2.3645838912187873,0.15187760961393976,1.5664526733392636,1
1.199638079185914,2.6971517675120835,3.6830326284721004,0.44526107676427007,2.856071631175918,-0.5121457323481332,2.584488269836709,2.901676374966148,-0.21865441149590414,-1.609935672453393,0
0.6918098218337286,3.005037202566343,0.6917459790325231,1.2119614519818904,1.6487896558897763,0.5493156445582286,2.8097746730316695,1.7975261471409703,1.5973727899525147,-1.3527698564234218,0
0.09018263749689953,-1.735473642520809,2.5056502522903825,-1.8589798118075702,-1.980697943325842,-1.4122943199298554,1.8556777687624857,1.6903973583653797,-0.5219067501050294,-1.6402554989157117,2
-0.4678221828322661,-2.051302713415039,-1.14189983821004,-0.5479575377142029,-1.1612584418767893,0.48500129152322796,1.658457896538579,-3.105900050729957,-0.8047245724183811,-3.385419664882533,1
-0.21339221860714852,-1.6840608203411398,3.5802480775690335,3.049644763478934,2.5114748562757323,0.7322345071326534,0.4916500195482745,4.249744515811343,0.6546766174823133,2.8504440249625995,1
-0.36624169747817953,2.116877947825474,2.1232989958101394,-7.793869387144292,-3.5642714639122905,0.15971772868210007,-1.2633988062328028,-0.8516284446590899,-0.25018783320716287,-3.2877770451022243,0
-1.3116827504667838,1.2303930305158146,2.3617567626261704,-0.21722693320228986,2.671962759728216,1.0776513095291436,1.2940098387160772,-0.5222779270664745,0.8676320839061359,-2.6786312520473716,0
-1.6247979901029892,-2.4163552600859286,3.644345444552373,1.6546756778083145,1.2953915130649334,0.7803428116164461,0.09793808537863469,3.6410081775497245,-1.2090343969891855,2.3262402333142527,1
0.9599566744337453,2.0949314612377656,-2.1623414647619326,-2.0704868245914625,-2.413784148939777,-0.2133297993092693,1.7237336433745984,-1.3472298158233658,1.5834772772495995,-2.7915250370505023,2
0.04967105630026454,-2.48841833308388,5.423585899638993,-3.1278749281081124,-1.378288838236573,-0.36370311610051537,0.060311196457829785,3.0930403718705723,-0.05876471227672918,-0.3497518385026799,2
-1.1416718217393904,-1.119244210499939,-1.3912216800700994,-0.12326732840325379,-4.651772157144401,1.4014290022660747,3.5782794483672475,2.7360034001639697,-0.37670042990356545,-0.4072034436224936,2
0.62152184861589,-1.6530843412093648,-2.142384621105555,0.6958592629550397,-1.9029136942424776,0.7847815840141892,2.408241041644609,-1.4422172516774088,-0.3326571805631725,-2.0098266933944053,1
0.9729965453330005,-1.6658496939603584,1.1749853967476662,3.0496951833962815,0.6519683709983513,0.51651728439791,1.9237383974929496,3.1339418186038452,-0.3754938863522174,1.5884211847719816,1
0.6052237010182555,3.232712919461215,-1.923416863052898,-1.7487249026381735,-1.910837804330073,-0.20631480361932888,1.4019594729051046,-0.18123485985660864,1.1154332973811345,-1.7300219107423127,2
-0.9809871983289186,2.6228075831577424,1.9888811353704716,-1.4324892630078268,1.4412597790706334,-0.9626870321079533,1.042061424364905,0.3307808017068812,0.9912586581920886,-2.2593240209914156,0
0.6283820360376229,1.2809039803281677,-1.117001771787105,-1.626690798946108,-1.5274864728642537,-0.797813748337336,1.1262116496622103,-1.0221276211637045,-0.2395073687649446,-2.1254631121709053,2
0.21187867865182275,1.606562442882621,1.5195917752227677,-2.007757535228898,1.7730053049600898,-0.1664691282352289,-0.05471807830982822,-2.2130679483426827,-0.8955560935463348,-3.158500695031164,0
-1.013805932639863,-2.0033202110899353,-0.4249837210245724,-0.4488156774618976,0.00598373593783208,0.9495229179610088,0.6999722663181374,-3.3330773793607253,0.847932173353264,-2.9490871316143705,1
-1.4263789222814078,1.8059041378411995,1.1333359025272896,-0.6993988082477132,1.8450383115003062,0.01804164863409918,0.9665935572125699,-1.1153631273070312,0.7813622223625104,-2.6445779802517926,0
2.2784019865292278,0.23697310079646594,-1.439912972079925,-7.068538393020424,-4.889781500499615,1.180490877972961,0.18758432273870884,-5.051090363193436,0.6573649633895711,-6.041291028100569,2
1.4394457151531361,3.404203433392219,-3.001366711121296,-1.0987421472488177,0.3460942324525558,0.7450305629127996,0.2333554366902113,-3.7040552011475674,-0.4595489411617563,-2.85658259891856,2
1.2030478522059247,3.627575671753675,1.6578410958633567,-4.545953321042443,-0.5312811945988922,0.3406541364121413,-1.002232242130105,-0.1269026976388703,0.7754237330893744,-1.8833874783664755,0
1.1418532448109715,2.637694312270295,-2.2831736315206426,-1.786014649506427,-4.729670273799382,1.205956017904542,3.956296070976215,2.159983773545089,-0.7922983922041061,-1.9616813316244588,2
-0.3674105867948155,0.20084251384158391,4.538824207764293,-8.446827640852165,-3.628452172529348,0.5533635687726227,-2.0881232296252463,0.41492419704795963,-0.20372712804159823,-2.4072563503325757,0
-0.33869133992187517,1.923476408720372,1.9053444660592078,-7.211362703580218,-3.238673419604338,-2.3764328563378636,-2.915777304889003,-0.3208197189049243,-0.19776904470561435,-1.096462917832608,0
0.5956440575697195,2.2568357145681768,-0.10308550849996356,-4.273057905289838,-0.21253166953282654,-0.49605231253974436,-2.0499938260590844,-3.565210584922369,-1.5272956904278092,-2.7108330227692843,0
0.006211355621786128,1.917982956253771,0.014676439911718298,-4.008852416411137,-0.22770292630200295,0.15725843678529833,-2.665107415969624,-3.024641923067298,0.3984491228578794,-1.6460036857655953,0
-0.5974233651432281,2.4204238940116896,2.938745652761818,-6.222347895727386,-2.320579826414344,-1.7021343999747023,-2.218639013484193,1.411240249053577,1.0779017394533252,-0.47222588433508217,0
-2.2363290283141453,-1.6744802830502512,1.1873941409707167,7.52179681598967,3.717012296414638,-0.7922089061846919,4.5700263339147975,4.118553942163378,0.41076218957588423,1.531886369327519,1
-0.4262685566764252,3.85915613268038,1.7208434625345013,-3.6562930757319703,-0.3862507423981074,0.8168679695322622,-1.5606612392471626,1.5119686703748263,0.40191895517392295,0.14543767946879083,0
0.9160103197910902,-0.3074628062930711,-3.5792003599164053,3.00659657822672,-1.5347855955659038,-0.015917845002242307,4.416301239858813,-0.1918064167208553,-0.7222688836538869,-1.684369052234286,1
-0.9113353030920964,-2.5777681829921595,0.6239275230253822,-0.2920730056128345,-2.1549302279303806,-0.1741506097492205,3.0555645783941077,0.4144481172937457,-1.2187153286748758,-2.3585467548491024,2
-1.0943647975501434,-0.565966266525445,1.2609163225704174,-2.050740980177845,-1.9998620804061564,-0.676241208242424,2.2881483096319295,0.4706547817951346,-0.5881543569877504,-2.7511200186593285,2
0.5469610954632903,0.7487407795177794,3.6399502787621882,-6.064875443320154,-0.5492014996067134,0.17698631145506066,-1.002541844475473,-2.0445413989454924,0.06884573128385278,-4.231579666276648,0
-0.09298279158950128,-1.8300833322845667,1.6899976715015366,-0.581549330568062,-1.1904758821271244,-1.3240868298658868,2.522516745206333,0.8677611268271385,-0.24587875575043416,-2.127049031643366,2
-0.13415564209226424,-3.432880747297586,-1.3658203813439267,-0.27660358389503137,-2.7271896790076915,-0.0946237926492889,0.0038223538060928597,-1.1213308063255727,0.4121091610202864,0.010374725252425332,1
-0.13414517626645758,-0.4361098947965023,-4.5801583481982355,3.033518760754286,-2.626882619459247,0.5573042937804867,5.3307893712786125,-0.3572600191021252,0.40346891810791735,-2.2300677757282843,1
-1.645592614041814,-2.1836450498830775,1.8218676281316275,-2.9133096321883425,-2.665365134367967,-0.5496045846648339,1.4042176033218512,-0.052129924145729305,1.5055451919058283,-2.6492966208292037,2
1.6198246049826486,-1.5054198810087764,0.601606824599606,-1.30938416887135,-3.242826808642693,-0.16322642823090652,3.077417031875256,1.4692332317218246,0.5631354551682595,-2.0412876076286026,2
-0.8702562235172253,3.4203569039024178,-1.720900245950732,-2.243172390701159,-1.8230305958488229,-0.5458425859710776,1.7653785782705391,-0.7554827173884547,0.21911060003441002,-2.773127230331853,2
-1.3162700410740993,1.9340492723964693,-2.1923564019431403,-0.3832082160467803,-4.378627676337317,0.6186301201097418,4.331256471241202,3.119208024891509,-0.8082184087866364,-0.9986412988772297,2
0.33972385937475696,3.3938156542536344,1.0261821817644154,-4.891611118823608,-2.035753433148389,0.2829461845074849,-1.7418488169922846,0.874704871349932,0.2820026250168557,-0.2929468817133456,0
-0.4141211679455457,1.4419111385862151,4.032314104169937,-1.2892687728258863,2.140330185183588,0.6816906899038048,1.3991728722430286,1.2537758089104964,0.8058902285478261,-2.392672408751766,0
1.7026964883479363,1.1326390428424395,5.136306526956577,-0.39352245368586636,2.2241068307718077,-0.49938429859137107,2.5011108254526846,3.396932167835462,-0.07474416815016639,-1.7505410952042704,0
0.4233419486085754,-0.050866035958631706,2.8699781707020815,4.1846966458714485,1.8581506272810455,-0.679440922931713,3.142566282307922,6.372559664172041,2.0807659040391893,2.57809654697051,1
1.9094186522934937,-1.3890274215289815,2.6333495557753768,2.6151996237246373,1.312349919060983,1.2514564218142645,0.9074752191331623,4.1911141817789135,0.8098893216611167,2.5945863430979066,1
-0.7993484533760062,-1.9386974447240843,1.2839595145358724,5.427303091590922,3.564968440074459,-0.1085929707124442,2.606374403882132,1.8351593496787326,-0.8201768790460255,0.77385175381668,1
-0.37366207826417036,-1.5653598914117048,1.1131261500703253,5.346390357920411,2.001363705113398,0.3443557692879563,3.5605342054421514,3.8774999155008554,-0.5072714105938124,1.5093850920388583,1
0.1494194735091969,-2.2777570009454253,0.44573108225979796,-3.2557215768902754,-1.1933623564294136,0.6795756851606412,0.2483841359702168,-4.524865752476249,-0.28839220030029905,-4.723182729298015,1
-0.6053929239275391,-2.398032896386142,-0.8310098858713137,-0.2235194650496664,-1.9142426882827512,1.9044335081747408,0.260604276863186,-0.7359836847230473,1.1384155206557094,-0.24071059406641204,1
0.1411692986915413,5.383948821247323,-1.4962748043455774,-2.6968757016779294,0.8941596020930183,-1.4708050816732672,-0.8249116008993074,-2.6729683870901835,1.118457644847877,-2.4877040951381995,0
-0.9142813107966419,-4.274001013203939,1.9186512038381598,0.7391358923972662,-2.2879577769415604,1.127374010445556,2.956400174194539,2.6368558298596816,-0.575944811423728,-0.415775156162312,2
1.5587980694978887,-0.2864149347962295,1.4660767290540844,-5.184495166883299,-0.06420959977829366,0.39167061561527167,-2.191793925164596,-5.0709206036634615,-0.43874592004829344,-4.29770988393061,0
0.9994190326779112,0.7059858675741801,4.400431171897441,-8.265931301493668,-2.761451779538926,-0.10735479071401643,-3.0045310197425055,-0.07721242500863161,1.90329268772716,-1.9366257650524061,0
1.4432895536319423,2.937078204955425,-3.171240368558141,-0.8263630992373892,-1.1720420063178398,-0.27269458215246056,1.6227381630109734,-2.0958858692198588,-2.206418848383733,-2.609658753687597,2
1.6221931015494289,2.703262684141677,-1.16152840452895,-1.5904788585652545,-2.432273164437946,0.07714478588312636,2.0840727400677914,1.2615829844183242,1.9511420482977946,-1.358230407681613,2
0.8266415353898965,2.353902726391652,1.9883776800568744,-5.404428718228317,-2.0713865878745654,0.1443434672966939,-2.278162834222983,0.8486459121569427,-0.5721940702934435,-0.2207363436560954,0
1.5351487200075487,1.6708558923602035,-4.593188355847589,2.8681528382635793,0.5500210865991173,0.2871333541229858,2.0257206090568953,-2.5013297007052704,-0.65695517639841,-1.320876461863346,2
0.40208825820294014,0.6291446831121972,3.2714563377108723,0.6802751053639002,1.5498014497031014,-0.8923253901884467,3.068164327201714,2.7210898637719034,-1.2915256017682013,-1.6582921500433603,0
0.15964776940790298,-1.300596302844198,-2.688219904672986,0.5239979552357314,-3.123508895203914,-0.5553080553860471,2.928579924802775,-0.47348426566182733,0.5714083877187804,-1.619838821691158,1
-0.407381367381811,-2.7591125323558217,2.375012635869048,-1.68516091521456,-1.517200533776372,-0.3616325236171589,1.4715858811126434,0.29156936481905243,1.4713935483488034,-2.1436327182928303,2
-0.03452179983131104,-0.2128996044899456,2.3230681281380416,-4.069157821831516,-2.3538323473812364,-0.7658099800587114,1.0437262750242315,0.2860107892070051,-2.1986928122291647,-2.920821102072869,2
0.4287906399387243,2.148212064961561,1.8681845123257745,0.7269767958342954,2.5755675728250282,0.7991788199053993,2.1504399926079083,0.8202371097253793,-0.3411079025487173,-2.0120899132182277,0
-0.9635834445300414,-1.2840651977738213,0.33504496687576024,-2.720655062488953,-2.8540037408982792,-0.11308033588623528,2.18569055426677,-1.1426359929479575,-1.1548659796745833,-3.7104574062565483,2
0.12181470577485806,-2.144142812844493,-1.7849772492099312,0.9163579981899753,-1.1486785663718768,1.0033827642199402,1.7372645880398836,-1.9404332993973268,1.5452571697547433,-1.79148764002466,1
0.7172835811587757,3.993291798045292,1.4165021931509258,-4.904300147809391,-1.5931470554410514,-0.3773420769478101,-0.6400278766359444,0.8238936345457941,-0.564981911032076,-1.5448574676110838,0
-0.4303854763970162,2.5110042484657997,1.5667893574253975,-0.2470879261020596,2.4052745885186235,0.44198600639503066,1.2939692457665146,-0.18687191975515158,0.3803814482163112,-2.312576104562725,0
-0.1615559836258885,-1.66083135004282,1.7670929725941666,-0.6597509877374902,-1.83942721133307,0.8112035278626736,2.707009085200946,1.957218815186959,-0.6248764177655501,-1.516132944083486,2
-0.15281111706735942,-0.3514071057765611,1.1210237347981225,-1.4348614515392701,-2.1909434223946773,-0.7210500295229891,2.8572013006717385,1.4732940807869361,1.5082474031850017,-2.2392965289455677,2
0.0018459552310057436,1.6201541073314287,3.774648115133379,-0.9845497696537326,3.4322440692618734,-0.6508327256299632,0.8164273648077123,-0.3059848408293847,0.056336286812120925,-2.923074339491023,0
0.36873805927693065,-1.1827529170260704,3.311719442350693,-3.6106523752978177,-1.9058814066434346,1.338025402628851,0.7069628515466597,1.002995639938438,-0.13073706671323823,-2.131519052010272,2
1.698092906333733,-1.779104086193413,0.2315182525941475,6.193403145501309,2.980884568590859,-1.345583400104966,3.12848360565854,2.327013650291639,-0.8650714271711278,1.322979711866631,1
-1.4760670917717218,-2.3668269161858038,-1.2443202553133554,-0.7880812034207358,-1.6859308466075218,1.197186484622428,1.4065489325605518,-2.9741126281016608,-0.38040725741084613,-3.0580354559088025,1
0.22374831957430621,2.4455477556253165,-2.898594941948672,-0.46555311936393323,-0.7808343932364161,1.0527915569027135,1.4577374624706445,-2.129362495586823,-0.28026910446356673,-2.397530120589309,2
1.0043766347631322,2.613190805567962,0.4038436597791022,-2.793191839216658,0.9239683699563597,0.187538784413962,-0.5366882235393302,-2.633385401964313,-0.7005368280095384,-3.0574683694383196,0
1.4003997947952824,2.524652404509595,0.6692089922453297,-3.8318347325899844,-0.1304950854042659,1.9353203365984042,-1.4559949482453058,-1.8940626430962553,0.5542247039460395,-2.101115112431716,0
0.8455260998852114,2.1007379524073877,1.466293866013717,-4.815136847881582,-0.5677590317812304,-0.7219633271251292,-1.4878920203778407,-1.9038840995804986,1.1512196407856137,-2.650890141033578,0
-0.21257862798856803,-2.2971307890860433,2.78842667133204,-0.32412055099598447,-2.4445156616621535,1.177544724769586,2.7091008082996444,4.349839374961608,-0.5208636651508562,0.18433352354484578,2
-0.4307147004602912,-1.1476425432732635,-0.8474476493883683,8.617560844079167,5.692815527428949,0.4506555553346548,4.305007236241558,0.2850315947727356,-0.146059885047167,-0.1858266610787651,1
1.1461782607048603,-1.7786484700602059,0.6617504122332769,0.9275250154797852,-1.3370373531881972,0.11232116546981238,3.7113009418740326,1.4868787005192494,-0.09798644672069134,-1.8107295715465734,2
0.7702504479710663,-2.8108273384499007,3.0412484408581264,-0.42388172161311605,-1.9587753746983827,1.017686412736359,2.318219942875608,3.5048851537303913,0.6493646843375265,-0.18562303320129647,2
-2.1643098678478396,-0.9090502742144642,-0.5170694599712093,7.072196910366917,4.018325994705583,0.4333886157338947,4.101501500634878,1.3293040538103298,-0.3285994380915563,0.13024134470972726,1
-0.3341364484598427,0.25671433200907723,2.7201964078985523,-7.39637608942605,-2.3718725778144774,0.3388915982185217,-2.619736734546656,-2.3503441277957022,-1.3446490274694252,-3.079800925017371,0
-0.2283383352994422,-3.5651320914810247,0.15850833037730716,-3.043528658032227,-2.293084626180954,0.021060198364359507,-0.6573719867285641,-3.663591321219801,0.6198091075303009,-2.8834989359765744,1
0.3770920937424761,-2.570467929934333,2.6022833550095763,-0.507521110201344,-2.356715037002983,2.390766164767724,2.543493282206286,3.4868037030437047,-0.09996977981690322,-0.30034858166400946,2
-1.4689234636701936,2.8509503719613862,2.9462903380809746,-1.354531134534717,2.250025667674345,-3.324755719911096,1.0565791684122587,0.7649379649376303,-0.42444870314248145,-2.2908610727981866,0
-0.17769397711340018,1.5828501723695156,-0.40573317310607093,0.9855035696972557,2.008096044584743,-0.6662842005099068,1.7617853675039925,-1.545353769949597,-0.659602268519233,-2.5134359705490215,0
0.8291298273361137,2.9988859039000095,1.6283731602085454,-0.9835587075172064,0.6781403942601147,-0.26170506767822693,1.7387969528034901,1.7487191685909083,-0.02733193410609337,-1.533784870111325,0
-1.3141458544552165,1.8932010210634762,-4.141243725173096,0.3933407417070087,-0.23571882036787728,-1.8259842416276302,1.2119716181266726,-3.8720973674833545,1.7666554892914357,-2.7152196824605066,2
0.184810302489739,3.8671586469801165,1.9929754802533934,-4.965365675329694,-2.0022020714894264,0.9362090095799499,-0.9959041428091038,2.2405029152690212,1.2530889173020765,-0.3341843574815464,0
1.3791625881974978,4.5872123194234025,-4.602347360345796,2.167471959457503,-0.18146323203272097,0.4726630560767134,3.0539175157905234,-0.28461933170297266,-0.08338014443846556,-1.1435317279061183,2
1.3704096939838664,-5.875552343405988,0.8442707006038801,8.392179212950994,4.021750356458825,-0.25593056166975336,4.462091647055127,0.8400878217172917,1.4294578020440076,0.07313270949931705,1
1.37004366117099,0.7734082197617074,1.2643326849087115,-3.5250259060766376,-1.8719827708868308,0.03462473875924609,1.717474853792527,-0.5822555685568648,-1.6328778384903724,-3.7622519910508525,2
-1.692681615510937,1.0494752520425523,1.540797905878081,-6.261594022550998,-2.2886358371698354,-0.8067463802094889,-2.4251468128338565,-1.8502453506853012,0.5597004724114222,-2.1493885808022166,0
-0.8595000398001769,-2.485419928585152,0.7644554114532394,6.674252352930792,3.5005885122989513,1.5677961311964723,3.580146683674065,2.2266517742754295,0.5251903903377283,0.9096897445699752,1
-1.0842100797798124,-2.5775130930676586,1.6421378131625997,-3.322777324057979,-2.25664577741887,1.4182387829062901,0.9670533000971511,-1.755020178545305,2.1167468214796505,-3.6134708410119316,2
0.5108629891483177,4.0361365965035745,-2.408674588748502,-1.6896476507787481,-2.205568484022806,0.17252678292308982,2.6105735628420947,-0.10080284619690222,2.444582752582506,-2.654938781431321,2
1.0877398432337475,-0.9476865477554015,1.1255090678207522,6.959846265551532,2.57112380970823,1.2823634741156038,4.749592988982098,5.538287651718915,0.44350172058452486,2.2137162317907113,1
1.8276809829496963,3.587245934989918,-2.6140876048097925,-2.062089904830515,-3.4746552994791635,-1.7204456102367125,2.92018839805348,0.515500590474379,0.9179676706663622,-2.435319157599237,2
0.2612666841318994,2.5092911608203696,0.5379460110554086,1.3382030221836363,1.1532370236433012,0.9315712686810645,3.01488789278918,2.0327888716539264,0.3319425566668639,-1.181069763340168,0
1.1716623117805505,1.677713834131343,1.2430457199706275,1.847421486079735,2.5116678685451004,-1.401002838156084,2.8538580181439728,1.035766034606826,-0.3653359530124707,-1.7887921149463437,0
-1.6894573383151947,-2.8660698031405567,4.289430280169192,-1.6203316307983786,-0.8263419563308672,0.16984469724903012,0.8726711243430985,2.228779544973822,0.19332032475446598,-0.76253549241234,2
-0.5037895841039367,1.7897792805421182,3.3654576955794306,-0.10629887767530889,1.6015549392221442,-0.09733681866268276,2.5560347142143325,2.789414305919929,1.214797056894385,-1.616122066336664,0
1.354019142371523,2.3987415322140224,2.8239876335325573,-1.4177320735654786,3.2907141763712646,0.3752169571571625,0.2613161327253777,-1.232083236303511,0.6888909324916298,-3.062014258282683,0
0.29760494279712235,-3.600833411511601,-0.4251252962456922,-3.885714273650355,-2.9629956037950094,1.3201841971984174,0.23629094153175,-5.121382057242097,-1.0843712084571229,-4.887510144664973,1
-0.12442732310641852,-1.0666264240873655,-1.6882103388715266,1.5862831283985923,-1.1945960933939372,1.0936976406914414,1.7626865311028854,0.22518232781685832,-0.5690273622751935,-0.07526551128929215,1
-0.5777505081541768,-0.4455549738265445,-2.411333536467848,0.0793332947309272,-2.4250786520698657,0.14280939244258323,3.5545262740881114,-1.3424775555031627,-0.6041676033158545,-3.2316288318219746,1
-1.396934091467959,1.5832379827739107,3.2692408010305947,-7.182387066657876,-2.118691936676111,-1.3582116685261956,-2.080441636160189,-0.6737359301881818,0.33869836883918525,-2.5612871777781336,0
0.5736870300025537,0.8439314051552946,2.551535234759377,-5.526559193286585,-0.3608319739208652,1.2411473438787268,-0.8582091142017843,-3.07649597513325,-1.5215968426326696,-4.596421895903481,0
-0.3217062178214337,1.4192910798065568,-2.273608990893055,0.07762058326738783,-0.7898363324468769,-0.18561746791792078,1.535648725055533,-1.3041036195867055,0.07587738995981268,-1.720844364550108,2
-0.5615879353732794,-1.7755753700637855,3.1794842575021773,2.9432030130583455,1.610829569644757,1.4644543122672997,1.0211026605091134,4.635020160152696,1.9898550733375573,2.8062810463765575,1
-0.12011364321136973,2.484241504882063,2.61954401819294,-1.9437617516735168,2.0666934618184776,1.192496559031471,0.40282261461233726,-0.3875075781181666,-0.182420997152417,-2.642040746605623,0
-0.03151232442302292,2.9893802632537407,-1.2174967285612586,-3.954050560988671,-2.5454091500718983,-0.6190727365172086,1.0604217796727493,-1.5989768444482821,0.274741902746345,-3.517123905031034,2
0.48444660527893796,-1.161520355102755,2.31353303963659,2.0365885214662254,1.2634549176278025,-1.3013435268355793,0.20581795828799798,3.3911244135497816,0.4616662947113632,2.4797079013287258,1
0.3430670089259352,1.639620376244641,2.0461190804606377,-0.6783548636548574,1.4211368011845118,-0.4846287640039644,1.6418998064240051,0.5043104774692027,0.30845010833151476,-2.281767578068576,0
-1.213941706157383,2.3759013422353092,0.08149541683253125,-0.16810356718785233,1.42300047747896,-0.044743180762598096,1.3872219913761503,-0.8376226664278068,1.9391925690994662,-2.311201626218753,0
-0.16552815135332738,-1.820235765739645,1.1150639008657797,5.194231478172694,0.9014314253502509,1.2865973693976245,4.099311875262435,4.946058346322753,-0.6793845698063502,1.8511672788542848,1
0.8280660763723794,3.286359153830965,2.0638422094560127,-4.15947473870134,-0.8703339536735661,0.6569471123242788,-1.245127157229811,1.3823218251663008,-0.2621451438679057,-0.4545230605167363,0
-1.729897831726847,1.629813543634737,2.6549415173070967,1.530977301332505,1.2156652217379653,-0.7048684538154905,3.8556796502717425,4.214975849504261,-0.23091025368155538,-0.8100575411947886,0
-0.8403915362054409,1.2671273339759304,-2.1448567184008605,-0.43706728704994946,-2.241803646242438,-0.35870377304891893,2.479410911624242,-0.11762666919122729,0.6764418164947713,-1.8316755921017602,2
-1.7645959092770471,-3.223605138683288,0.4515190751360667,8.105555023143438,4.707646549258803,0.6729432044950393,3.8475472526409087,1.3076093355529967,-0.22565670321806863,0.6598626692954719,1
0.13682182967129333,3.1175578478234556,3.06694828947519,-3.510488724079704,0.9307420191153268,1.223853198573728,-0.12516224677604937,0.41836999711609574,-1.1843601723120227,-2.3304288643360644,0
-2.5884166322041997,-1.1534951078924678,-2.175642851621758,0.5093804847520756,-1.5285266758762328,-0.8841584799437681,2.7482769407210643,-2.0590160710404652,0.05976783737328261,-2.9171645564832924,1
-1.1100035718859267,4.3132606404187275,0.18856369806361006,-1.8864308400080034,1.6824076418426062,-0.599366493840319,-0.01135840915956221,-1.4753573809870655,2.4100486494071336,-2.466782498231365,0
-0.8522016313215837,-1.7829107752462834,-2.1654670353685486,0.38374506291730837,-2.3554928415845957,-0.8908896119420586,2.066956473491021,-1.221256723064557,-1.4627663071111208,-1.6131064673770314,1
1.6739015887420603,-0.7203285144606815,-4.091188213749858,2.1311372121164256,-3.108306343295985,1.1833238104431567,4.761885586066962,-0.29242934681208865,-0.9851944027873477,-2.1222932202907114,1
-1.8460482504440554,3.762370782367119,-2.9539156474568387,-1.3699483368237146,-2.63091048828528,0.25499675067459876,2.583398736948351,0.03337512238373966,0.9197033140843018,-2.176650782017044,2
0.12284343854019797,-2.447052380197337,1.2327726848637153,5.029728511141028,2.6143663315934376,-0.23833817231357088,2.4911138971856364,2.249652784371795,-1.0086640011668284,1.1557919188127985,1
-0.629352099686685,2.1676285550465124,3.7015991437609053,-8.49277513273601,-4.241022174639017,-0.790012802081076,-2.128725772443523,1.8230713609133518,-0.7492156170889224,-1.2507888943315573,0
1.7687717832594205,2.235063001264037,3.0791722250513973,-1.0598955517971747,1.2039753846501182,1.7547755448465847,1.828996474427352,2.214681777952655,-0.4921435151960026,-1.7029643148450957,0
-0.9082061822885704,2.705626236183384,3.0752015808597464,-6.29605975616576,-1.2635073387675781,0.9939297571216518,-1.4404974306680036,-0.2170013876575656,0.06416712562467415,-2.5556821432951553,0
-2.0966756985697956,3.1758907650179,-0.9015412591862817,-0.527698920121606,0.42985641291359333,0.6607233944637488,1.365392510869762,-0.5478636335218593,0.863791824569662,-1.937128332200941,0
-1.7073844825439868,-0.6921434544681204,1.3447763767974572,5.256832133895246,2.5439991473105312,-1.1174181735133961,3.6323583015332144,3.9597306917519957,-1.553583543414807,1.271064267837327,1
-0.40863591253667014,-1.2699941059022268,-3.5265227660922234,2.8333157900958095,-1.5439279221638436,-1.4091069277559771,3.7849190814714686,-0.9608346762389682,0.4788187482130753,-1.6691389365792197,1
0.22080850788809125,-0.9308651787755284,1.5081725224152749,-0.5594717229856226,-1.0460548719488783,0.709784290583688,2.7575285294501435,1.1040265619166496,-1.010222402111855,-2.202583878913627,2
-2.2332788193557644,-2.5557143871000454,-0.5955223220568118,-1.6570086404268538,-2.1270726153588106,0.9327436083455788,0.44404675748957567,-2.453187021256374,0.4881048177193057,-2.3039347640672947,1
1.1650321048394572,0.9966888176513278,-2.6447613571891146,-2.6697003127901215,-3.397887558877013,1.7348318912272276,1.8705374262755845,-2.431773557849765,-1.245593911614555,-3.6440933135712097,2
-0.5401030935987847,0.06707560946043012,1.010603493451135,-2.024301063735571,-0.7504742970270271,0.2353179614390995,2.1309211056810784,-1.2036059880390693,0.12415659097130305,-3.9111999494817757,2
1.684348516124981,0.1501084075908783,1.6598308319198511,-4.674476147425853,-1.26438956079377,-0.6354231068357553,0.5271699911049443,-2.797415235329441,1.0000217150928223,-4.89129325640725,2
1.0544121122194114,2.352565522152762,2.2154226329553675,-5.568224854800005,-1.705108679748136,0.7601183762563611,-2.320917982571522,0.3688650818480354,-0.09530972104935061,-0.6983331580841503,0
-0.8592331420964212,-1.931635843091043,1.8715331736945835,-2.0336117933564752,-2.125167029371663,0.07975652689921599,1.8555334063491304,0.5572851682126289,-0.20612450725264117,-2.3261680835652965,2
-0.06827762263933808,-1.652390350273343,1.7968214646216378,2.916101897178335,1.6444920143821085,-0.6366700950057121,0.7543498702319484,2.739851008367925,-0.8513704503128111,2.041867400980631,1
0.11617308407654969,2.013046553769341,0.35563395043352064,2.518624335241628,2.8004552797951536,1.1951391798334359,3.0049714927778917,0.5481367274718255,-0.8448984534104736,-1.7956412098736119,0
0.8465180917273377,1.3247876750471792,1.484851375613252,0.9754043505923461,2.2377858907203536,1.3308671803671674,2.317869654240942,0.3881986233529215,0.4997664384960225,-2.157345189479317,0
0.5053265000780651,0.7117416690769138,2.7247263406595157,-8.609262814562708,-3.929808028605497,-1.3440446284718441,-2.664306517796948,-1.329119597595851,1.1029277327426599,-2.7196752247844036,0
-0.02974165415538386,-4.470093580755959,1.1169455847916625,1.3674068533032677,-2.8789592442340486,-0.858812727920689,3.6929252092462095,2.9005230703568086,-0.5461110027385696,-0.32567172874255057,2
-0.0001191485590934855,1.4620882738280376,-1.8539596446514188,-1.626430253397631,-1.8836531513907053,0.8197283316910118,1.0368282241203082,-1.3412656565358094,1.0833404379113156,-2.0494827689883484,2
